row,id,id_cell,Trục 3D / Axis,Trục 3D / Axis [cell],Trục 3D / Axis [formula],Trục 3D / Axis [stored XML value],Trục hoặc cao độ / Grid or level,Trục hoặc cao độ / Grid or level [cell],Trục hoặc cao độ / Grid or level [formula],Trục hoặc cao độ / Grid or level [stored XML value],Bước trục (mm),Bước trục (mm) [cell],Bước trục (mm) [formula],Bước trục (mm) [stored XML value],Tọa độ (mm),Tọa độ (mm) [cell],Tọa độ (mm) [formula],Tọa độ (mm) [stored XML value],Tọa độ (m),Tọa độ (m) [cell],Tọa độ (m) [formula],Tọa độ (m) [stored XML value],Mã nguồn / Source ID,Mã nguồn / Source ID [cell],Mã nguồn / Source ID [formula],Mã nguồn / Source ID [stored XML value],Cơ sở / Basis,Cơ sở / Basis [cell],Cơ sở / Basis [formula],Cơ sở / Basis [stored XML value],Ghi chú / Notes,Ghi chú / Notes [cell],Ghi chú / Notes [formula],Ghi chú / Notes [stored XML value]
8,X,A8,X,A8,,X,1,B8,,1,,C8,,,0,D8,"IF(OR(COUNTBLANK('Dimensions'!G135)>0),"""",'Dimensions'!G135)",0,0,E8,"IF(COUNTBLANK(D8)>0,"""",D8/1000)",0,P128,F8,,P128,Model coordinate origin,G8,,Model coordinate origin,X=0 tại trục 1. Y=0 tại sàn gian chính. Z=0 tại trung điểm D–E; Z dương về H/I.,H8,,X=0 tại trục 1. Y=0 tại sàn gian chính. Z=0 tại trung điểm D–E; Z dương về H/I.
9,X,A9,X,A9,,X,2,B9,,2,4900,C9,"IF(OR(COUNTBLANK('Dimensions'!G8)>0),"""",'Dimensions'!G8)",4900,4900,D9,"IF(OR(COUNTBLANK('Dimensions'!G136)>0),"""",'Dimensions'!G136)",4900,4.9,E9,"IF(COUNTBLANK(D9)>0,"""",D9/1000)",4.9,"P001, P129",F9,,"P001, P129",Cumulative plan grid,G9,,Cumulative plan grid,Tâm trục / Grid centerline,H9,,Tâm trục / Grid centerline
10,X,A10,X,A10,,X,2′,B10,,2′,575,C10,"IF(OR(COUNTBLANK('Dimensions'!G9)>0),"""",'Dimensions'!G9)",575,5475,D10,"IF(OR(COUNTBLANK('Dimensions'!G137)>0),"""",'Dimensions'!G137)",5475,5.475,E10,"IF(COUNTBLANK(D10)>0,"""",D10/1000)",5.475,"P002, P130",F10,,"P002, P130",Cumulative plan grid,G10,,Cumulative plan grid,Tâm trục / Grid centerline,H10,,Tâm trục / Grid centerline
11,X,A11,X,A11,,X,3,B11,,3,4500,C11,"IF(OR(COUNTBLANK('Dimensions'!G10)>0),"""",'Dimensions'!G10)",4500,9975,D11,"IF(OR(COUNTBLANK('Dimensions'!G138)>0),"""",'Dimensions'!G138)",9975,9.975,E11,"IF(COUNTBLANK(D11)>0,"""",D11/1000)",9.975,"P003, P131",F11,,"P003, P131",Cumulative plan grid,G11,,Cumulative plan grid,Tâm trục / Grid centerline,H11,,Tâm trục / Grid centerline
12,X,A12,X,A12,,X,4,B12,,4,4500,C12,"IF(OR(COUNTBLANK('Dimensions'!G11)>0),"""",'Dimensions'!G11)",4500,14475,D12,"IF(OR(COUNTBLANK('Dimensions'!G139)>0),"""",'Dimensions'!G139)",14475,14.475,E12,"IF(COUNTBLANK(D12)>0,"""",D12/1000)",14.475,"P004, P132",F12,,"P004, P132",Cumulative plan grid,G12,,Cumulative plan grid,Tâm trục / Grid centerline,H12,,Tâm trục / Grid centerline
13,X,A13,X,A13,,X,5,B13,,5,4500,C13,"IF(OR(COUNTBLANK('Dimensions'!G12)>0),"""",'Dimensions'!G12)",4500,18975,D13,"IF(OR(COUNTBLANK('Dimensions'!G140)>0),"""",'Dimensions'!G140)",18975,18.975,E13,"IF(COUNTBLANK(D13)>0,"""",D13/1000)",18.975,"P005, P133",F13,,"P005, P133",Cumulative plan grid,G13,,Cumulative plan grid,Tâm trục / Grid centerline,H13,,Tâm trục / Grid centerline
14,X,A14,X,A14,,X,6,B14,,6,4500,C14,"IF(OR(COUNTBLANK('Dimensions'!G13)>0),"""",'Dimensions'!G13)",4500,23475,D14,"IF(OR(COUNTBLANK('Dimensions'!G141)>0),"""",'Dimensions'!G141)",23475,23.475,E14,"IF(COUNTBLANK(D14)>0,"""",D14/1000)",23.475,"P006, P134",F14,,"P006, P134",Cumulative plan grid,G14,,Cumulative plan grid,Tâm trục / Grid centerline,H14,,Tâm trục / Grid centerline
15,X,A15,X,A15,,X,7,B15,,7,4500,C15,"IF(OR(COUNTBLANK('Dimensions'!G14)>0),"""",'Dimensions'!G14)",4500,27975,D15,"IF(OR(COUNTBLANK('Dimensions'!G142)>0),"""",'Dimensions'!G142)",27975,27.975,E15,"IF(COUNTBLANK(D15)>0,"""",D15/1000)",27.975,"P007, P135",F15,,"P007, P135",Cumulative plan grid,G15,,Cumulative plan grid,Tâm trục / Grid centerline,H15,,Tâm trục / Grid centerline
16,X,A16,X,A16,,X,8,B16,,8,4500,C16,"IF(OR(COUNTBLANK('Dimensions'!G15)>0),"""",'Dimensions'!G15)",4500,32475,D16,"IF(OR(COUNTBLANK('Dimensions'!G143)>0),"""",'Dimensions'!G143)",32475,32.475,E16,"IF(COUNTBLANK(D16)>0,"""",D16/1000)",32.475,"P008, P136",F16,,"P008, P136",Cumulative plan grid,G16,,Cumulative plan grid,Tâm trục / Grid centerline,H16,,Tâm trục / Grid centerline
17,X,A17,X,A17,,X,9,B17,,9,4500,C17,"IF(OR(COUNTBLANK('Dimensions'!G16)>0),"""",'Dimensions'!G16)",4500,36975,D17,"IF(OR(COUNTBLANK('Dimensions'!G144)>0),"""",'Dimensions'!G144)",36975,36.975,E17,"IF(COUNTBLANK(D17)>0,"""",D17/1000)",36.975,"P009, P137",F17,,"P009, P137",Cumulative plan grid,G17,,Cumulative plan grid,Tâm trục / Grid centerline,H17,,Tâm trục / Grid centerline
18,X,A18,X,A18,,X,10,B18,,10,7200,C18,"IF(OR(COUNTBLANK('Dimensions'!G17)>0),"""",'Dimensions'!G17)",7200,44175,D18,"IF(OR(COUNTBLANK('Dimensions'!G145)>0),"""",'Dimensions'!G145)",44175,44.175,E18,"IF(COUNTBLANK(D18)>0,"""",D18/1000)",44.175,"P010, P138",F18,,"P010, P138",Cumulative plan grid,G18,,Cumulative plan grid,Tâm trục / Grid centerline,H18,,Tâm trục / Grid centerline
19,X,A19,X,A19,,X,11,B19,,11,4500,C19,"IF(OR(COUNTBLANK('Dimensions'!G18)>0),"""",'Dimensions'!G18)",4500,48675,D19,"IF(OR(COUNTBLANK('Dimensions'!G146)>0),"""",'Dimensions'!G146)",48675,48.675,E19,"IF(COUNTBLANK(D19)>0,"""",D19/1000)",48.675,"P011, P139",F19,,"P011, P139",Cumulative plan grid,G19,,Cumulative plan grid,Tâm trục / Grid centerline,H19,,Tâm trục / Grid centerline
20,X,A20,X,A20,,X,12,B20,,12,4341,C20,"IF(OR(COUNTBLANK('Dimensions'!G19)>0),"""",'Dimensions'!G19)",4341,53016,D20,"IF(OR(COUNTBLANK('Dimensions'!G147)>0),"""",'Dimensions'!G147)",53016,53.016,E20,"IF(COUNTBLANK(D20)>0,"""",D20/1000)",53.016,"P012, P140",F20,,"P012, P140",Cumulative plan grid,G20,,Cumulative plan grid,Tâm trục / Grid centerline,H20,,Tâm trục / Grid centerline
21,X,A21,X,A21,,X,Approach toe (plan),B21,,Approach toe (plan),,C21,,,-13219,D21,"IF(OR(COUNTBLANK('Dimensions'!G27)>0),"""",-'Dimensions'!G27)",-13219,-13.219,E21,"IF(COUNTBLANK(D21)>0,"""",D21/1000)",-13.219,P020,F21,,P020,Ground plan extent,G21,,Ground plan extent,"Tờ 6. Điểm đầu của chuỗi 67,064 mm / Start of 67,064 mm overall chain",H21,,"Tờ 6. Điểm đầu của chuỗi 67,064 mm / Start of 67,064 mm overall chain"
22,X,A22,X,A22,,X,Rear edge (plan),B22,,Rear edge (plan),,C22,,,53845,D22,"IF(OR(COUNTBLANK('Dimensions'!G147)>0,COUNTBLANK('Dimensions'!G162)>0),"""",'Dimensions'!G147+'Dimensions'!G162)",53845,53.845,E22,"IF(COUNTBLANK(D22)>0,"""",D22/1000)",53.845,"P140, P155",F22,,"P140, P155",Ground plan extent,G22,,Ground plan extent,Tờ 6. Biên sau nhà theo chuỗi mặt bằng / Rear exterior plan edge,H22,,Tờ 6. Biên sau nhà theo chuỗi mặt bằng / Rear exterior plan edge
23,X,A23,X,A23,,X,Tower front edge (plan),B23,,Tower front edge (plan),,C23,,,-949,D23,"IF(OR(COUNTBLANK('Dimensions'!G163)>0),"""",-'Dimensions'!G163)",-949,-0.949,E23,"IF(COUNTBLANK(D23)>0,"""",D23/1000)",-0.949,P156,F23,,P156,Ground plan extent,G23,,Ground plan extent,"Tờ 6. Giới hạn tháp trong chuỗi 54,794 mm / Tower front edge in 54,794 mm chain",H23,,"Tờ 6. Giới hạn tháp trong chuỗi 54,794 mm / Tower front edge in 54,794 mm chain"
24,X,A24,X,A24,,X,Front edge (roof),B24,,Front edge (roof),,C24,,,-915,D24,"IF(OR(COUNTBLANK('Dimensions'!G178)>0),"""",-'Dimensions'!G178)",-915,-0.915,E24,"IF(COUNTBLANK(D24)>0,"""",D24/1000)",-0.915,P171,F24,,P171,Roof plan lower chain,G24,,Roof plan lower chain,"Tờ 11. Chuỗi dưới 54,736 mm / Lower 54,736 mm dimension chain",H24,,"Tờ 11. Chuỗi dưới 54,736 mm / Lower 54,736 mm dimension chain"
25,X,A25,X,A25,,X,Rear edge (roof),B25,,Rear edge (roof),,C25,,,53821,D25,"IF(OR(COUNTBLANK('Dimensions'!G147)>0,COUNTBLANK('Dimensions'!G179)>0),"""",'Dimensions'!G147+'Dimensions'!G179)",53821,53.821,E25,"IF(COUNTBLANK(D25)>0,"""",D25/1000)",53.821,"P140, P172",F25,,"P140, P172",Roof plan lower chain,G25,,Roof plan lower chain,"Tờ 11. Chuỗi dưới 54,736 mm / Lower 54,736 mm dimension chain",H25,,"Tờ 11. Chuỗi dưới 54,736 mm / Lower 54,736 mm dimension chain"
26,X,A26,X,A26,,X,Approach toe (elevation),B26,,Approach toe (elevation),,C26,,,-13194,D26,"IF(OR(COUNTBLANK('Dimensions'!G271)>0),"""",-'Dimensions'!G271)",-13194,-13.194,E26,"IF(COUNTBLANK(D26)>0,"""",D26/1000)",-13.194,E051,F26,,E051,Side elevation extent,G26,,Side elevation extent,"Tờ 2. Chuỗi riêng 67,149 mm / Separate 67,149 mm dimension chain",H26,,"Tờ 2. Chuỗi riêng 67,149 mm / Separate 67,149 mm dimension chain"
27,X,A27,X,A27,,X,Far-end edge (elevation),B27,,Far-end edge (elevation),,C27,,,53955,D27,"IF(OR(COUNTBLANK('Dimensions'!G302)>0,COUNTBLANK('Dimensions'!G284)>0),"""",'Dimensions'!G302+'Dimensions'!G284)",53955,53.955,E27,"IF(COUNTBLANK(D27)>0,"""",D27/1000)",53.955,"E082, E064",F27,,"E082, E064",Side elevation extent,G27,,Side elevation extent,Tờ 2. Điểm cuối khác mặt bằng / End witness differs from plan,H27,,Tờ 2. Điểm cuối khác mặt bằng / End witness differs from plan
28,Z,A28,Z,A28,,Z,A,B28,,A,,C28,,,-13249,D28,"IF(OR(COUNTBLANK('Dimensions'!G148)>0,COUNTBLANK('Dimensions'!G161)>0),"""",'Dimensions'!G148-'Dimensions'!G161)",-13249,-13.249,E28,"IF(COUNTBLANK(D28)>0,"""",D28/1000)",-13.249,"P141, P154",F28,,"P141, P154",Centered plan grid,G28,,Centered plan grid,Tâm trục / Grid centerline,H28,,Tâm trục / Grid centerline
29,Z,A29,Z,A29,,Z,B,B29,,B,2835,C29,"IF(OR(COUNTBLANK('Dimensions'!G20)>0),"""",'Dimensions'!G20)",2835,-10414,D29,"IF(OR(COUNTBLANK('Dimensions'!G149)>0,COUNTBLANK('Dimensions'!G161)>0),"""",'Dimensions'!G149-'Dimensions'!G161)",-10414,-10.414,E29,"IF(COUNTBLANK(D29)>0,"""",D29/1000)",-10.414,"P013, P142, P154",F29,,"P013, P142, P154",Centered plan grid,G29,,Centered plan grid,Z dương về H/I. Không có trục F / Positive toward H/I. No F axis,H29,,Z dương về H/I. Không có trục F / Positive toward H/I. No F axis
30,Z,A30,Z,A30,,Z,C,B30,,C,3054,C30,"IF(OR(COUNTBLANK('Dimensions'!G21)>0),"""",'Dimensions'!G21)",3054,-7360,D30,"IF(OR(COUNTBLANK('Dimensions'!G150)>0,COUNTBLANK('Dimensions'!G161)>0),"""",'Dimensions'!G150-'Dimensions'!G161)",-7360,-7.36,E30,"IF(COUNTBLANK(D30)>0,"""",D30/1000)",-7.36,"P014, P143, P154",F30,,"P014, P143, P154",Centered plan grid,G30,,Centered plan grid,Z dương về H/I. Không có trục F / Positive toward H/I. No F axis,H30,,Z dương về H/I. Không có trục F / Positive toward H/I. No F axis
31,Z,A31,Z,A31,,Z,D,B31,,D,3760,C31,"IF(OR(COUNTBLANK('Dimensions'!G22)>0),"""",'Dimensions'!G22)",3760,-3600,D31,"IF(OR(COUNTBLANK('Dimensions'!G151)>0,COUNTBLANK('Dimensions'!G161)>0),"""",'Dimensions'!G151-'Dimensions'!G161)",-3600,-3.6,E31,"IF(COUNTBLANK(D31)>0,"""",D31/1000)",-3.6,"P015, P144, P154",F31,,"P015, P144, P154",Centered plan grid,G31,,Centered plan grid,Z dương về H/I. Không có trục F / Positive toward H/I. No F axis,H31,,Z dương về H/I. Không có trục F / Positive toward H/I. No F axis
32,Z,A32,Z,A32,,Z,E,B32,,E,7200,C32,"IF(OR(COUNTBLANK('Dimensions'!G23)>0),"""",'Dimensions'!G23)",7200,3600,D32,"IF(OR(COUNTBLANK('Dimensions'!G152)>0,COUNTBLANK('Dimensions'!G161)>0),"""",'Dimensions'!G152-'Dimensions'!G161)",3600,3.6,E32,"IF(COUNTBLANK(D32)>0,"""",D32/1000)",3.6,"P016, P145, P154",F32,,"P016, P145, P154",Centered plan grid,G32,,Centered plan grid,Z dương về H/I. Không có trục F / Positive toward H/I. No F axis,H32,,Z dương về H/I. Không có trục F / Positive toward H/I. No F axis
33,Z,A33,Z,A33,,Z,G,B33,,G,3760,C33,"IF(OR(COUNTBLANK('Dimensions'!G24)>0),"""",'Dimensions'!G24)",3760,7360,D33,"IF(OR(COUNTBLANK('Dimensions'!G153)>0,COUNTBLANK('Dimensions'!G161)>0),"""",'Dimensions'!G153-'Dimensions'!G161)",7360,7.36,E33,"IF(COUNTBLANK(D33)>0,"""",D33/1000)",7.36,"P017, P146, P154",F33,,"P017, P146, P154",Centered plan grid,G33,,Centered plan grid,Z dương về H/I. Không có trục F / Positive toward H/I. No F axis,H33,,Z dương về H/I. Không có trục F / Positive toward H/I. No F axis
34,Z,A34,Z,A34,,Z,H,B34,,H,3054,C34,"IF(OR(COUNTBLANK('Dimensions'!G25)>0),"""",'Dimensions'!G25)",3054,10414,D34,"IF(OR(COUNTBLANK('Dimensions'!G154)>0,COUNTBLANK('Dimensions'!G161)>0),"""",'Dimensions'!G154-'Dimensions'!G161)",10414,10.414,E34,"IF(COUNTBLANK(D34)>0,"""",D34/1000)",10.414,"P018, P147, P154",F34,,"P018, P147, P154",Centered plan grid,G34,,Centered plan grid,Z dương về H/I. Không có trục F / Positive toward H/I. No F axis,H34,,Z dương về H/I. Không có trục F / Positive toward H/I. No F axis
35,Z,A35,Z,A35,,Z,I,B35,,I,2835,C35,"IF(OR(COUNTBLANK('Dimensions'!G26)>0),"""",'Dimensions'!G26)",2835,13249,D35,"IF(OR(COUNTBLANK('Dimensions'!G155)>0,COUNTBLANK('Dimensions'!G161)>0),"""",'Dimensions'!G155-'Dimensions'!G161)",13249,13.249,E35,"IF(COUNTBLANK(D35)>0,"""",D35/1000)",13.249,"P019, P148, P154",F35,,"P019, P148, P154",Centered plan grid,G35,,Centered plan grid,Z dương về H/I. Không có trục F / Positive toward H/I. No F axis,H35,,Z dương về H/I. Không có trục F / Positive toward H/I. No F axis
36,Y,A36,Y,A36,,Y,Front forecourt/entrance landing,B36,,Front forecourt/entrance landing,,C36,,,-480,D36,"IF(OR(COUNTBLANK('Dimensions'!G54)>0),"""",'Dimensions'!G54)",-480,-0.48,E36,"IF(COUNTBLANK(D36)>0,"""",D36/1000)",-0.48,P047,F36,,P047,Printed elevation,G36,,Printed elevation,,H36,,
37,Y,A37,Y,A37,,Y,Side stair landings,B37,,Side stair landings,,C37,,,-320,D37,"IF(OR(COUNTBLANK('Dimensions'!G55)>0),"""",'Dimensions'!G55)",-320,-0.32,E37,"IF(COUNTBLANK(D37)>0,"""",D37/1000)",-0.32,P048,F37,,P048,Printed elevation,G37,,Printed elevation,,H37,,
38,Y,A38,Y,A38,,Y,Sanctuary/altar platform,B38,,Sanctuary/altar platform,,C38,,,750,D38,"IF(OR(COUNTBLANK('Dimensions'!G56)>0),"""",'Dimensions'!G56)",750,0.75,E38,"IF(COUNTBLANK(D38)>0,"""",D38/1000)",0.75,P049,F38,,P049,Printed elevation,G38,,Printed elevation,,H38,,
39,Y,A39,Y,A39,,Y,Upper rear side room,B39,,Upper rear side room,,C39,,,150,D39,"IF(OR(COUNTBLANK('Dimensions'!G57)>0),"""",'Dimensions'!G57)",150,0.15,E39,"IF(COUNTBLANK(D39)>0,"""",D39/1000)",0.15,P050,F39,,P050,Printed elevation,G39,,Printed elevation,,H39,,
40,Y,A40,Y,A40,,Y,Central rear room,B40,,Central rear room,,C40,,,150,D40,"IF(OR(COUNTBLANK('Dimensions'!G58)>0),"""",'Dimensions'!G58)",150,0.15,E40,"IF(COUNTBLANK(D40)>0,"""",D40/1000)",0.15,P051,F40,,P051,Printed elevation,G40,,Printed elevation,,H40,,
41,Y,A41,Y,A41,,Y,Lower rear side room,B41,,Lower rear side room,,C41,,,150,D41,"IF(OR(COUNTBLANK('Dimensions'!G59)>0),"""",'Dimensions'!G59)",150,0.15,E41,"IF(COUNTBLANK(D41)>0,"""",D41/1000)",0.15,P052,F41,,P052,Printed elevation,G41,,Printed elevation,,H41,,
42,Y,A42,Y,A42,,Y,Courtyard grade,B42,,Courtyard grade,,C42,,,-2080,D42,"IF(OR(COUNTBLANK('Dimensions'!G221)>0),"""",'Dimensions'!G221)",-2080,-2.08,E42,"IF(COUNTBLANK(D42)>0,"""",D42/1000)",-2.08,E001,F42,,E001,Printed elevation,G42,,Printed elevation,Same levels also shown on sheet 2. The drawing titles the twin-tower end MẶT ĐỨNG CUỐI.,H42,,Same levels also shown on sheet 2. The drawing titles the twin-tower end MẶT ĐỨNG CUỐI.
43,Y,A43,Y,A43,,Y,Floor datum,B43,,Floor datum,,C43,,,0,D43,"IF(OR(COUNTBLANK('Dimensions'!G222)>0),"""",'Dimensions'!G222)",0,0,E43,"IF(COUNTBLANK(D43)>0,"""",D43/1000)",0,E002,F43,,E002,Printed elevation,G43,,Printed elevation,Same levels also shown on sheet 2. The drawing titles the twin-tower end MẶT ĐỨNG CUỐI.,H43,,Same levels also shown on sheet 2. The drawing titles the twin-tower end MẶT ĐỨNG CUỐI.
44,Y,A44,Y,A44,,Y,Tower base-stage upper level,B44,,Tower base-stage upper level,,C44,,,8390,D44,"IF(OR(COUNTBLANK('Dimensions'!G223)>0),"""",'Dimensions'!G223)",8390,8.39,E44,"IF(COUNTBLANK(D44)>0,"""",D44/1000)",8.39,E003,F44,,E003,Printed elevation,G44,,Printed elevation,Same levels also shown on sheet 2. The drawing titles the twin-tower end MẶT ĐỨNG CUỐI.,H44,,Same levels also shown on sheet 2. The drawing titles the twin-tower end MẶT ĐỨNG CUỐI.
45,Y,A45,Y,A45,,Y,First upper tower stage level,B45,,First upper tower stage level,,C45,,,15840,D45,"IF(OR(COUNTBLANK('Dimensions'!G224)>0),"""",'Dimensions'!G224)",15840,15.84,E45,"IF(COUNTBLANK(D45)>0,"""",D45/1000)",15.84,E004,F45,,E004,Printed elevation,G45,,Printed elevation,Same levels also shown on sheet 2. The drawing titles the twin-tower end MẶT ĐỨNG CUỐI.,H45,,Same levels also shown on sheet 2. The drawing titles the twin-tower end MẶT ĐỨNG CUỐI.
46,Y,A46,Y,A46,,Y,Second upper tower stage level,B46,,Second upper tower stage level,,C46,,,23140,D46,"IF(OR(COUNTBLANK('Dimensions'!G225)>0),"""",'Dimensions'!G225)",23140,23.14,E46,"IF(COUNTBLANK(D46)>0,"""",D46/1000)",23.14,E005,F46,,E005,Printed elevation,G46,,Printed elevation,Same levels also shown on sheet 2. The drawing titles the twin-tower end MẶT ĐỨNG CUỐI.,H46,,Same levels also shown on sheet 2. The drawing titles the twin-tower end MẶT ĐỨNG CUỐI.
47,Y,A47,Y,A47,,Y,Tower curved-cap base level,B47,,Tower curved-cap base level,,C47,,,29090,D47,"IF(OR(COUNTBLANK('Dimensions'!G226)>0),"""",'Dimensions'!G226)",29090,29.09,E47,"IF(COUNTBLANK(D47)>0,"""",D47/1000)",29.09,E006,F47,,E006,Printed elevation,G47,,Printed elevation,Same levels also shown on sheet 2. The drawing titles the twin-tower end MẶT ĐỨNG CUỐI.,H47,,Same levels also shown on sheet 2. The drawing titles the twin-tower end MẶT ĐỨNG CUỐI.
48,Y,A48,Y,A48,,Y,Tower cross top,B48,,Tower cross top,,C48,,,36920,D48,"IF(OR(COUNTBLANK('Dimensions'!G227)>0),"""",'Dimensions'!G227)",36920,36.92,E48,"IF(COUNTBLANK(D48)>0,"""",D48/1000)",36.92,E007,F48,,E007,Printed elevation,G48,,Printed elevation,Same levels also shown on sheet 2. The drawing titles the twin-tower end MẶT ĐỨNG CUỐI.,H48,,Same levels also shown on sheet 2. The drawing titles the twin-tower end MẶT ĐỨNG CUỐI.
49,Y,A49,Y,A49,,Y,Eaves/cornice reference,B49,,Eaves/cornice reference,,C49,,,6324,D49,"IF(OR(COUNTBLANK('Dimensions'!G267)>0),"""",'Dimensions'!G267)",6324,6.324,E49,"IF(COUNTBLANK(D49)>0,"""",D49/1000)",6.324,E047,F49,,E047,Printed elevation,G49,,Printed elevation,Also explicitly labeled on sheet 3. Match exact architectural witness on original drawing; no decorative geometry inferred from level alone.,H49,,Also explicitly labeled on sheet 3. Match exact architectural witness on original drawing; no decorative geometry inferred from level alone.
50,Y,A50,Y,A50,,Y,Opposite-end intermediate facade reference,B50,,Opposite-end intermediate facade reference,,C50,,,8575,D50,"IF(OR(COUNTBLANK('Dimensions'!G268)>0),"""",'Dimensions'!G268)",8575,8.575,E50,"IF(COUNTBLANK(D50)>0,"""",D50/1000)",8.575,E048,F50,,E048,Printed elevation,G50,,Printed elevation,Also explicitly labeled on sheet 3. Match exact architectural witness on original drawing; no decorative geometry inferred from level alone.,H50,,Also explicitly labeled on sheet 3. Match exact architectural witness on original drawing; no decorative geometry inferred from level alone.
51,Y,A51,Y,A51,,Y,Main roof ridge/reference,B51,,Main roof ridge/reference,,C51,,,12472,D51,"IF(OR(COUNTBLANK('Dimensions'!G269)>0),"""",'Dimensions'!G269)",12472,12.472,E51,"IF(COUNTBLANK(D51)>0,"""",D51/1000)",12.472,E049,F51,,E049,Printed elevation,G51,,Printed elevation,Also explicitly labeled on sheet 3. Match exact architectural witness on original drawing; no decorative geometry inferred from level alone.,H51,,Also explicitly labeled on sheet 3. Match exact architectural witness on original drawing; no decorative geometry inferred from level alone.
52,Y,A52,Y,A52,,Y,Opposite-end cross top,B52,,Opposite-end cross top,,C52,,,17829,D52,"IF(OR(COUNTBLANK('Dimensions'!G270)>0),"""",'Dimensions'!G270)",17829,17.829,E52,"IF(COUNTBLANK(D52)>0,"""",D52/1000)",17.829,E050,F52,,E050,Printed elevation,G52,,Printed elevation,Also explicitly labeled on sheet 3. Match exact architectural witness on original drawing; no decorative geometry inferred from level alone.,H52,,Also explicitly labeled on sheet 3. Match exact architectural witness on original drawing; no decorative geometry inferred from level alone.
53,Y,A53,Y,A53,,Y,Front facade upper side recess,B53,,Front facade upper side recess,,C53,,,9530,D53,"IF(OR(COUNTBLANK('Dimensions'!G213)>0),"""",'Dimensions'!G213)",9530,9.53,E53,"IF(COUNTBLANK(D53)>0,"""",D53/1000)",9.53,P206,F53,,P206,Printed elevation,G53,,Printed elevation,"Local facade/tower deck level, not the main roof ridge elevation.",H53,,"Local facade/tower deck level, not the main roof ridge elevation."
54,Y,A54,Y,A54,,Y,Front central facade zone,B54,,Front central facade zone,,C54,,,11030,D54,"IF(OR(COUNTBLANK('Dimensions'!G215)>0),"""",'Dimensions'!G215)",11030,11.03,E54,"IF(COUNTBLANK(D54)>0,"""",D54/1000)",11.03,P208,F54,,P208,Printed elevation,G54,,Printed elevation,"Local facade/tower deck level, not the main roof ridge elevation.",H54,,"Local facade/tower deck level, not the main roof ridge elevation."
55,Y,A55,Y,A55,,Y,Upper roof reference (section),B55,,Upper roof reference (section),,C55,,,7130,D55,"IF(OR(COUNTBLANK('Dimensions'!G307)>0),"""",'Dimensions'!G307)",7130,7.13,E55,"IF(COUNTBLANK(D55)>0,"""",D55/1000)",7.13,S002,F55,,S002,Printed elevation,G55,,Printed elevation,Dimension is preserved as printed. +7.13 reference is a level marker near the main-roof eave; detailed contact surfaces need CAD confirmation.,H55,,Dimension is preserved as printed. +7.13 reference is a level marker near the main-roof eave; detailed contact surfaces need CAD confirmation.
56,Y,A56,Y,A56,,Y,Exterior cornice (section),B56,,Exterior cornice (section),,C56,,,6325,D56,"IF(OR(COUNTBLANK('Dimensions'!G308)>0),"""",'Dimensions'!G308)",6325,6.325,E56,"IF(COUNTBLANK(D56)>0,"""",D56/1000)",6.325,S003,F56,,S003,Printed elevation,G56,,Printed elevation,,H56,,
57,Y,A57,Y,A57,,Y,Tower cap shoulder elevation from chain,B57,,Tower cap shoulder elevation from chain,,C57,,,33215,D57,"IF(OR(COUNTBLANK('Dimensions'!G304)>0),"""",'Dimensions'!G304)",33215,33.215,E57,"IF(COUNTBLANK(D57)>0,"""",D57/1000)",33.215,E084,F57,,E084,Derived level,G57,,Derived level,Dependent on explicit chain; 1 mm top closure discrepancy is unresolved.,H57,,Dependent on explicit chain; 1 mm top closure discrepancy is unresolved.
58,Y,A58,Y,A58,,Y,Tower cross-base elevation from chain,B58,,Tower cross-base elevation from chain,,C58,,,35029,D58,"IF(OR(COUNTBLANK('Dimensions'!G305)>0),"""",'Dimensions'!G305)",35029,35.029,E58,"IF(COUNTBLANK(D58)>0,"""",D58/1000)",35.029,E085,F58,,E085,Derived level,G58,,Derived level,Dependent on explicit chain; 1 mm top closure discrepancy is unresolved.,H58,,Dependent on explicit chain; 1 mm top closure discrepancy is unresolved.
