row,id,id_cell,Mã / ID,Mã / ID [cell],Mã / ID [formula],Mã / ID [stored XML value],Vấn đề / Issue,Vấn đề / Issue [cell],Vấn đề / Issue [formula],Vấn đề / Issue [stored XML value],Bằng chứng / Evidence,Bằng chứng / Evidence [cell],Bằng chứng / Evidence [formula],Bằng chứng / Evidence [stored XML value],Mã nguồn / Source IDs,Mã nguồn / Source IDs [cell],Mã nguồn / Source IDs [formula],Mã nguồn / Source IDs [stored XML value],Chênh (mm),Chênh (mm) [cell],Chênh (mm) [formula],Chênh (mm) [stored XML value],Trạng thái / Status,Trạng thái / Status [cell],Trạng thái / Status [formula],Trạng thái / Status [stored XML value],Thông tin cần bổ sung / Required information,Thông tin cần bổ sung / Required information [cell],Thông tin cần bổ sung / Required information [formula],Thông tin cần bổ sung / Required information [stored XML value],Giá trị xác nhận (mm),Giá trị xác nhận (mm) [cell],Giá trị xác nhận (mm) [formula],Giá trị xác nhận (mm) [stored XML value],Nguồn xác nhận / New reference,Nguồn xác nhận / New reference [cell],Nguồn xác nhận / New reference [formula],Nguồn xác nhận / New reference [stored XML value]
8,ISSUE-P01,A8,ISSUE-P01,A8,,ISSUE-P01,Hai chiều dài tổng của mặt bằng mái / Roof overall lengths,B8,,Hai chiều dài tổng của mặt bằng mái / Roof overall lengths,"Roof same-sheet overall54794 at top versus54736 at bottom, difference58mm.",C8,,"Roof same-sheet overall54794 at top versus54736 at bottom, difference58mm.","P173, P174",D8,,"P173, P174",58,E8,"IF(OR(COUNTBLANK('Dimensions'!G181)>0,COUNTBLANK('Dimensions'!G180)>0),"""",'Dimensions'!G181-'Dimensions'!G180)",58,Chưa xác nhận / Open,F8,,Chưa xác nhận / Open,Xác định mốc đầu/cuối cho chuỗi trên và dưới. / Confirm endpoints of both roof chains.,G8,,Xác định mốc đầu/cuối cho chuỗi trên và dưới. / Confirm endpoints of both roof chains.,,H8,,,,I8,,
9,ISSUE-P02,A9,ISSUE-P02,A9,,ISSUE-P02,Chuỗi cửa gian 2′–3 lệch 10 mm / First opening-bay chain,B9,,Chuỗi cửa gian 2′–3 lệch 10 mm / First opening-bay chain,First lower nave-opening bay printed1135+2250+1125 gives4510 against4500 axis spacing.,C9,,First lower nave-opening bay printed1135+2250+1125 gives4510 against4500 axis spacing.,"P084, P085, P086, P003",D9,,"P084, P085, P086, P003",10,E9,"IF(OR(COUNTBLANK('Dimensions'!G91)>0,COUNTBLANK('Dimensions'!G92)>0,COUNTBLANK('Dimensions'!G93)>0,COUNTBLANK('Dimensions'!G10)>0),"""",'Dimensions'!G91+'Dimensions'!G92+'Dimensions'!G93-'Dimensions'!G10)",10,Chưa xác nhận / Open,F9,,Chưa xác nhận / Open,"Xác nhận số 1,135 hoặc các mốc cửa. / Confirm 1,135 or the opening witnesses.",G9,,"Xác nhận số 1,135 hoặc các mốc cửa. / Confirm 1,135 or the opening witnesses.",,H9,,,,I9,,
10,ISSUE-P03,A10,ISSUE-P03,A10,,ISSUE-P03,Biên ngoài cánh nhà / Side-wing outer envelope,B10,,Biên ngoài cánh nhà / Side-wing outer envelope,Wing envelope28158 differs1mm from26498 axis span plus main-body end margins832+829; wing-specific edge geometry must govern.,C10,,Wing envelope28158 differs1mm from26498 axis span plus main-body end margins832+829; wing-specific edge geometry must govern.,"P152, P023, P024, P027",D10,,"P152, P023, P024, P027",1,E10,"IF(OR(COUNTBLANK('Dimensions'!G159)>0,COUNTBLANK('Dimensions'!G30)>0,COUNTBLANK('Dimensions'!G31)>0,COUNTBLANK('Dimensions'!G34)>0),"""",'Dimensions'!G159+'Dimensions'!G30+'Dimensions'!G31-'Dimensions'!G34)",1,Chưa xác nhận / Open,F10,,Chưa xác nhận / Open,Cần mốc biên riêng của cánh. / Obtain wing-specific edge offsets.,G10,,Cần mốc biên riêng của cánh. / Obtain wing-specific edge offsets.,,H10,,,,I10,,
11,ISSUE-P04,A11,ISSUE-P04,A11,,ISSUE-P04,Đối chiếu các tờ bản vẽ / Drawing-to-drawing comparison,B11,,Đối chiếu các tờ bản vẽ / Drawing-to-drawing comparison,Resolve drawing-to-drawing differences using the current coordinated revision. Keep each reported dimension tied to its own endpoints.,C11,,Resolve drawing-to-drawing differences using the current coordinated revision. Keep each reported dimension tied to its own endpoints.,Files 4–5,D11,,Files 4–5,,E11,,,Chưa xác nhận / Open,F11,,Chưa xác nhận / Open,Xác nhận bộ bản vẽ cùng phiên bản. / Confirm the coordinated drawing revision.,G11,,Xác nhận bộ bản vẽ cùng phiên bản. / Confirm the coordinated drawing revision.,,H11,,,,I11,,
12,ISSUE-P05,A12,ISSUE-P05,A12,,ISSUE-P05,Nhận dạng hình chữ nhật cung thánh / Sanctuary rectangle identity,B12,,Nhận dạng hình chữ nhật cung thánh / Sanctuary rectangle identity,Unlabeled sanctuary-front rectangular feature has explicit1900×870mm dimensions but may be a step detail; do not assume it is an altar table.,C12,,Unlabeled sanctuary-front rectangular feature has explicit1900×870mm dimensions but may be a step detail; do not assume it is an altar table.,"P115, P123",D12,,"P115, P123",,E12,,,Chưa xác nhận / Open,F12,,Chưa xác nhận / Open,"Xác nhận đây là bậc, đồ nội thất hay cấu kiện khác. / Identify the rectangular feature.",G12,,"Xác nhận đây là bậc, đồ nội thất hay cấu kiện khác. / Identify the rectangular feature.",,H12,,,,I12,,
13,EI01,A13,EI01,A13,,EI01,Chuỗi đỉnh tháp lệch 1 mm / Tower-cap closure,B13,,Chuỗi đỉnh tháp lệch 1 mm / Tower-cap closure,"4125+1814+1892 = 7831; 36920-29090 = 7830
Cap segment closure is 1 mm greater than overall datum difference. Preserve printed inputs and flag; do not silently move cross top or change a segment.",C13,,"4125+1814+1892 = 7831; 36920-29090 = 7830
Cap segment closure is 1 mm greater than overall datum difference. Preserve printed inputs and flag; do not silently move cross top or change a segment.","E006, E007, E013, E014, E015",D13,,"E006, E007, E013, E014, E015",1,E13,"IF(OR(COUNTBLANK('Dimensions'!G233)>0,COUNTBLANK('Dimensions'!G234)>0,COUNTBLANK('Dimensions'!G235)>0,COUNTBLANK('Dimensions'!G227)>0,COUNTBLANK('Dimensions'!G226)>0),"""",'Dimensions'!G233+'Dimensions'!G234+'Dimensions'!G235-('Dimensions'!G227-'Dimensions'!G226))",1,Chưa xác nhận / Open,F13,,Chưa xác nhận / Open,Xác nhận chuỗi đỉnh tháp hoặc cốt thánh giá. / Confirm cap segments or cross level.,G13,,Xác nhận chuỗi đỉnh tháp hoặc cốt thánh giá. / Confirm cap segments or cross level.,,H13,,,,I13,,
14,EI02,A14,EI02,A14,,EI02,Chuỗi mặt đứng trung tâm lệch 1 mm / Central facade closure,B14,,Chuỗi mặt đứng trung tâm lệch 1 mm / Central facade closure,"621+5959+621 = 7201 versus grid E-D = 7200
Central facade subdimension closure differs by 1 mm. Preserve values and flag; do not silently use 5958 in place of printed 5959.",C14,,"621+5959+621 = 7201 versus grid E-D = 7200
Central facade subdimension closure differs by 1 mm. Preserve values and flag; do not silently use 5958 in place of printed 5959.","E021, E029, E030, E031",D14,,"E021, E029, E030, E031",1,E14,"IF(OR(COUNTBLANK('Dimensions'!G249)>0,COUNTBLANK('Dimensions'!G250)>0,COUNTBLANK('Dimensions'!G251)>0,COUNTBLANK('Dimensions'!G241)>0),"""",'Dimensions'!G249+'Dimensions'!G250+'Dimensions'!G251-'Dimensions'!G241)",1,Chưa xác nhận / Open,F14,,Chưa xác nhận / Open,"Xác nhận 5,959 mm và hai khoảng 621 mm. / Confirm 5,959 and the two 621 mm offsets.",G14,,"Xác nhận 5,959 mm và hai khoảng 621 mm. / Confirm 5,959 and the two 621 mm offsets.",,H14,,,,I14,,
15,RFI-S01,A15,RFI-S01,A15,,RFI-S01,Tổng cao mặt cắt lệch 76 mm / Section overall height,B15,,Tổng cao mặt cắt lệch 76 mm / Section overall height,"Both section sheets label ridge +12.472 m and courtyard −2.08 m, giving14552 mm; overall dimension14476 mm differs76 mm. Obtain corrected level/overall dimension from designer.",C15,,"Both section sheets label ridge +12.472 m and courtyard −2.08 m, giving14552 mm; overall dimension14476 mm differs76 mm. Obtain corrected level/overall dimension from designer.","S001, S005, S006, S143",D15,,"S001, S005, S006, S143",76,E15,"IF(OR(COUNTBLANK('Dimensions'!G448)>0,COUNTBLANK('Dimensions'!G311)>0),"""",'Dimensions'!G448-'Dimensions'!G311)",76,Chưa xác nhận / Open,F15,,Chưa xác nhận / Open,"Xác nhận cốt sân, cốt nóc và tổng cao. / Resolve the level and overall-height conflict.",G15,,"Xác nhận cốt sân, cốt nóc và tổng cao. / Resolve the level and overall-height conflict.",,H15,,,,I15,,
16,RFI-S02,A16,RFI-S02,A16,,RFI-S02,Cao độ phào ngoài lệch 1 mm / Exterior cornice level,B16,,Cao độ phào ngoài lệch 1 mm / Exterior cornice level,Section +6.325 m and exterior detail chain6325 mm conflict with overall6324 mm on printed sheets12/13.,C16,,Section +6.325 m and exterior detail chain6325 mm conflict with overall6324 mm on printed sheets12/13.,"S003, S088, S148",D16,,"S003, S088, S148",1,E16,"IF(OR(COUNTBLANK('Dimensions'!G453)>0,COUNTBLANK('Dimensions'!G393)>0),"""",'Dimensions'!G453-'Dimensions'!G393)",1,Chưa xác nhận / Open,F16,,Chưa xác nhận / Open,"Xác nhận 6,324 hoặc 6,325 mm theo mốc. / Confirm cornice level and witness.",G16,,"Xác nhận 6,324 hoặc 6,325 mm theo mốc. / Confirm cornice level and witness.",,H16,,,,I16,,
17,RFI-S03,A17,RFI-S03,A17,,RFI-S03,Chuỗi cửa cung thánh lệch 1 mm / Sanctuary doorway chain,B17,,Chuỗi cửa cung thánh lệch 1 mm / Sanctuary doorway chain,"Printed2554+396=2950 mm, while aligned right-side dimension is2951 mm. Verify reference surfaces/tolerance.",C17,,"Printed2554+396=2950 mm, while aligned right-side dimension is2951 mm. Verify reference surfaces/tolerance.","S074, S075, S076",D17,,"S074, S075, S076",1,E17,"IF(OR(COUNTBLANK('Dimensions'!G381)>0,COUNTBLANK('Dimensions'!G379)>0,COUNTBLANK('Dimensions'!G380)>0),"""",'Dimensions'!G381-'Dimensions'!G379-'Dimensions'!G380)",1,Chưa xác nhận / Open,F17,,Chưa xác nhận / Open,Xác nhận các mặt chuẩn của chuỗi cửa. / Confirm doorway reference surfaces.,G17,,Xác nhận các mặt chuẩn của chuỗi cửa. / Confirm doorway reference surfaces.,,H17,,,,I17,,
18,RFI-S04,A18,RFI-S04,A18,,RFI-S04,Vòm cửa trong và ngoài lệch 70 mm / Inner and outer door heads,B18,,Vòm cửa trong và ngoài lệch 70 mm / Inner and outer door heads,Exterior doorway springline3101+rise1140 gives4241 mm; interior doorway2951+band220+rise1140 gives4311 mm. Clarify70 mm offset and wall locations before modeling a shared opening.,C18,,Exterior doorway springline3101+rise1140 gives4241 mm; interior doorway2951+band220+rise1140 gives4311 mm. Clarify70 mm offset and wall locations before modeling a shared opening.,"S124, S125, S130, S131, S132, S153, S154",D18,,"S124, S125, S130, S131, S132, S153, S154",70,E18,"IF(OR(COUNTBLANK('Dimensions'!G459)>0,COUNTBLANK('Dimensions'!G458)>0),"""",'Dimensions'!G459-'Dimensions'!G458)",70,Chưa xác nhận / Open,F18,,Chưa xác nhận / Open,Xác nhận hai lớp tường và độ lệch vòm. / Confirm wall planes and arch offset.,G18,,Xác nhận hai lớp tường và độ lệch vòm. / Confirm wall planes and arch offset.,,H18,,,,I18,,
19,RFI-S05,A19,RFI-S05,A19,,RFI-S05,Độ dốc và kết cấu mái / Roof pitch and structure,B19,,Độ dốc và kết cấu mái / Roof pitch and structure,"Roof form and material notes are supplied, but no pitch angle, purlin spacing/section, truss joints, tile thickness, roof overhang dimensions, or complete support contact elevations are given in these four sheets. Need roof framing/details or CAD geometry.",C19,,"Roof form and material notes are supplied, but no pitch angle, purlin spacing/section, truss joints, tile thickness, roof overhang dimensions, or complete support contact elevations are given in these four sheets. Need roof framing/details or CAD geometry.","P212, S002, S023, S081",D19,,"P212, S002, S023, S081",,E19,,,Chưa xác nhận / Open,F19,,Chưa xác nhận / Open,Bổ sung chi tiết hoặc hình học CAD tương ứng. / Supply the relevant dimensioned detail or CAD geometry.,G19,,Bổ sung chi tiết hoặc hình học CAD tương ứng. / Supply the relevant dimensioned detail or CAD geometry.,,H19,,,,I19,,
20,RFI-S06,A20,RFI-S06,A20,,RFI-S06,Đường cong và hoa văn / Curves and ornaments,B20,,Đường cong và hoa văn / Curves and ornaments,"Arch bounding widths/rises exist, but radii/centres, curve control points, molding widths/depths, column flutes/capitals, rosette outer diameter/thickness, finial cross-sections and ornamental relief depths are absent. Use original DWG/DXF curves or architect-approved tracing, tagged traced not exact.",C20,,"Arch bounding widths/rises exist, but radii/centres, curve control points, molding widths/depths, column flutes/capitals, rosette outer diameter/thickness, finial cross-sections and ornamental relief depths are absent. Use original DWG/DXF curves or architect-approved tracing, tagged traced not exact.",Files 6–9,D20,,Files 6–9,,E20,,,Chưa xác nhận / Open,F20,,Chưa xác nhận / Open,Bổ sung chi tiết hoặc hình học CAD tương ứng. / Supply the relevant dimensioned detail or CAD geometry.,G20,,Bổ sung chi tiết hoặc hình học CAD tương ứng. / Supply the relevant dimensioned detail or CAD geometry.,,H20,,,,I20,,
21,RFI-S07,A21,RFI-S07,A21,,RFI-S07,Tiết diện cột và móng / Column and footing sections,B21,,Tiết diện cột và móng / Column and footing sections,"Shown foundation offsets are not column shaft sizes; exact post cross-sections, taper, footing depth, concrete grades and reinforcing details are absent from these architectural sections.",C21,,"Shown foundation offsets are not column shaft sizes; exact post cross-sections, taper, footing depth, concrete grades and reinforcing details are absent from these architectural sections.",Files 6–9,D21,,Files 6–9,,E21,,,Chưa xác nhận / Open,F21,,Chưa xác nhận / Open,Bổ sung chi tiết hoặc hình học CAD tương ứng. / Supply the relevant dimensioned detail or CAD geometry.,G21,,Bổ sung chi tiết hoặc hình học CAD tương ứng. / Supply the relevant dimensioned detail or CAD geometry.,,H21,,,,I21,,
22,RFI-S08,A22,RFI-S08,A22,,RFI-S08,Chiều dày lớp hoàn thiện / Finish thicknesses,B22,,Chiều dày lớp hoàn thiện / Finish thicknesses,"Concrete floor slab8 cm, veranda roof RC13 cm and material descriptions exist, but natural-stone thickness, sand-fill depth, waterproofing, roof-tile thickness and finish buildup are unspecified.",C22,,"Concrete floor slab8 cm, veranda roof RC13 cm and material descriptions exist, but natural-stone thickness, sand-fill depth, waterproofing, roof-tile thickness and finish buildup are unspecified.","S045, S080, S081",D22,,"S045, S080, S081",,E22,,,Chưa xác nhận / Open,F22,,Chưa xác nhận / Open,Bổ sung chi tiết hoặc hình học CAD tương ứng. / Supply the relevant dimensioned detail or CAD geometry.,G22,,Bổ sung chi tiết hoặc hình học CAD tương ứng. / Supply the relevant dimensioned detail or CAD geometry.,,H22,,,,I22,,
23,RFI-S09,A23,RFI-S09,A23,,RFI-S09,Bậc cung thánh và đồ phụng vụ / Sanctuary steps and furniture,B23,,Bậc cung thánh và đồ phụng vụ / Sanctuary steps and furniture,"Dais elevations are supplied; stair width/run/treads, altar dimensions/location, liturgical furniture and detailed handrails are not dimensioned in these four sheets.",C23,,"Dais elevations are supplied; stair width/run/treads, altar dimensions/location, liturgical furniture and detailed handrails are not dimensioned in these four sheets.",Files 6–9,D23,,Files 6–9,,E23,,,Chưa xác nhận / Open,F23,,Chưa xác nhận / Open,Bổ sung chi tiết hoặc hình học CAD tương ứng. / Supply the relevant dimensioned detail or CAD geometry.,G23,,Bổ sung chi tiết hoặc hình học CAD tương ứng. / Supply the relevant dimensioned detail or CAD geometry.,,H23,,,,I23,,
24,RFI-S10,A24,RFI-S10,A24,,RFI-S10,Phân biệt hai lớp cửa sổ / Inner and outer window identity,B24,,Phân biệt hai lớp cửa sổ / Inner and outer window identity,Printed sheet12 exterior is a pair of1000-wide openings with850 sill; interior is one2250-wide opening with650 sill. They correspond to different wall/arcade planes. Do not fuse them into one window without plan confirmation.,C24,,Printed sheet12 exterior is a pair of1000-wide openings with850 sill; interior is one2250-wide opening with650 sill. They correspond to different wall/arcade planes. Do not fuse them into one window without plan confirmation.,"S084, S086, S091, S103, S105",D24,,"S084, S086, S091, S103, S105",,E24,,,Chưa xác nhận / Open,F24,,Chưa xác nhận / Open,Bổ sung chi tiết hoặc hình học CAD tương ứng. / Supply the relevant dimensioned detail or CAD geometry.,G24,,Bổ sung chi tiết hoặc hình học CAD tương ứng. / Supply the relevant dimensioned detail or CAD geometry.,,H24,,,,I24,,
25,ISSUE-C01,A25,ISSUE-C01,A25,,ISSUE-C01,Khác biệt chiều dài mặt bằng và mặt đứng / Plan and elevation length,B25,,Khác biệt chiều dài mặt bằng và mặt đứng / Plan and elevation length,Floor overall67064 and side-elevation67149 differ85mm; the printed/derived endpoint differences are−25mm at approach and+110mm at far end. Geometry/revision intent is not confirmed. Preserve both source chains.,C25,,Floor overall67064 and side-elevation67149 differ85mm; the printed/derived endpoint differences are−25mm at approach and+110mm at far end. Geometry/revision intent is not confirmed. Preserve both source chains.,"P021, E065, P020, E051, P155, E064",D25,,"P021, E065, P020, E051, P155, E064",85,E25,"IF(OR(COUNTBLANK('Dimensions'!G285)>0,COUNTBLANK('Dimensions'!G28)>0),"""",'Dimensions'!G285-'Dimensions'!G28)",85,Chưa xác nhận / Open,F25,,Chưa xác nhận / Open,Xác nhận hai mốc biên và phiên bản bản vẽ. / Confirm extent witnesses and drawing revision.,G25,,Xác nhận hai mốc biên và phiên bản bản vẽ. / Confirm extent witnesses and drawing revision.,,H25,,,,I25,,
26,ISSUE-C02,A26,ISSUE-C02,A26,,ISSUE-C02,Cao độ nóc mái cánh / Side-wing ridge heights,B26,,Cao độ nóc mái cánh / Side-wing ridge heights,Main ridge/reference+12.472m is confirmed by other sheets. No exact side-wing ridge height is supplied. Do not assign the main ridge height to the short side-wing ridges.,C26,,Main ridge/reference+12.472m is confirmed by other sheets. No exact side-wing ridge height is supplied. Do not assign the main ridge height to the short side-wing ridges.,P212,D26,,P212,,E26,,,Chưa xác nhận / Open,F26,,Chưa xác nhận / Open,Cần cao độ nóc riêng cho từng cánh. / Supply each side-wing ridge level.,G26,,Cần cao độ nóc riêng cho từng cánh. / Supply each side-wing ridge level.,,H26,,,,I26,,
27,ISSUE-C03,A27,ISSUE-C03,A27,,ISSUE-C03,Giả thiết đối xứng mặt cắt / Section symmetry assumption,B27,,Giả thiết đối xứng mặt cắt / Section symmetry assumption,"780mm symmetric offset is derived from section widths. Equality of two offsets is an explicit assumption, not independent measurements and not a replacement for differing ground-plan/elevation projections.",C27,,"780mm symmetric offset is derived from section widths. Equality of two offsets is an explicit assumption, not independent measurements and not a replacement for differing ground-plan/elevation projections.",S137,D27,,S137,,E27,,,Giả thiết / Assumption,F27,,Giả thiết / Assumption,Xác nhận hai biên có đối xứng hay không. / Confirm whether the section edges are symmetric.,G27,,Xác nhận hai biên có đối xứng hay không. / Confirm whether the section edges are symmetric.,,H27,,,,I27,,
28,ISSUE-C04,A28,ISSUE-C04,A28,,ISSUE-C04,Gán loại cửa vào mặt bằng / Map opening details to locations,B28,,Gán loại cửa vào mặt bằng / Map opening details to locations,Files8/9 provide heights for selected opening types. Exterior paired1000mm openings and inner2250mm openings belong to different facade/arcade planes. Map detail types to exact plan instances; preserve70mm interior/exterior crown difference and unknown curve radii.,C28,,Files8/9 provide heights for selected opening types. Exterior paired1000mm openings and inner2250mm openings belong to different facade/arcade planes. Map detail types to exact plan instances; preserve70mm interior/exterior crown difference and unknown curve radii.,"P213, S105, S124, S130, S150, S151, S153, S154",D28,,"P213, S105, S124, S130, S150, S151, S153, S154",,E28,,,Còn một phần / Partial,F28,,Còn một phần / Partial,Cần mã loại cửa và vị trí từng cửa. / Map detail types to opening instances.,G28,,Cần mã loại cửa và vị trí từng cửa. / Map detail types to opening instances.,,H28,,,,I28,,
29,ISSUE-C05,A29,ISSUE-C05,A29,,ISSUE-C05,Khác biệt bề ngang theo mốc đo / Widths by source witness,B29,,Khác biệt bề ngang theo mốc đo / Widths by source witness,"Floor main exterior22489, opposite elevation22486, and section exterior22388 are different printed dimensions. Do not force these to one dimension without architectural witness confirmation.",C29,,"Floor main exterior22489, opposite elevation22486, and section exterior22388 are different printed dimensions. Do not force these to one dimension without architectural witness confirmation.","P026, E078, S012",D29,,"P026, E078, S012",,E29,,,Chưa xác nhận / Open,F29,,Chưa xác nhận / Open,"Xác nhận mốc tường, phào và biên mái. / Confirm wall, molding and roof witnesses.",G29,,"Xác nhận mốc tường, phào và biên mái. / Confirm wall, molding and roof witnesses.",,H29,,,,I29,,
