circuit,label,kind,board,source,points,connected_w,socket_rating_a,full_service_w,longest_path_m,case,design_current_a,comparison_breaker_a,loading_percent,comparison_area_mm2,vdrop_percent_at_area,minimum_area_mm2,vdrop_percent_at_minimum_area,fault_a_at_minimum,type_c_instantaneous_a,fault_clears_type_c_at_minimum,status
E1,E1 · Exit signs,light,DB1,DB1,5,15,,15,78.723989,S1-230-PF09-45C-4,0.072464,6,1.207729,1.5,0.042508,1.5,0.042508,87.832909,60,True,ENGINEERING HOLD · comparison screen
E1,E1 · Exit signs,light,DB1,DB1,5,15,,15,78.723989,S2-220-PF08-50C-6,0.085227,6,1.420455,1.5,0.052268,1.5,0.052268,84.014087,60,True,ENGINEERING HOLD · comparison screen
F1,F1 · Ceiling fans,fan,DB1,FC1,14,840,,476,81.91604,S1-230-PF09-45C-4,4.057971,6,67.63285,2.5,1.238556,2.5,1.238556,140.683823,60,True,ENGINEERING HOLD · comparison screen
F1,F1 · Ceiling fans,fan,DB1,FC1,14,840,,476,81.91604,S2-220-PF08-50C-6,4.772727,6,79.545455,2.5,1.522924,2.5,1.522924,134.567135,60,True,ENGINEERING HOLD · comparison screen
F2,F2 · Wall fans,fan,DB1,FC1,16,880,,0,74.92813,S1-230-PF09-45C-4,4.251208,6,70.853462,2.5,1.292581,2.5,1.292581,153.804206,60,True,ENGINEERING HOLD · comparison screen
F2,F2 · Wall fans,fan,DB1,FC1,16,880,,0,74.92813,S2-220-PF08-50C-6,5.0,10,50.0,4,0.998333,2.5,1.589354,147.117067,100,True,ENGINEERING HOLD · comparison screen
F4,F4 · Entrance circulators (trial),fan,DB2,DB2,2,760,,0,27.032427,S1-230-PF09-45C-4,3.671498,6,61.191626,2.5,0.515666,2.5,0.515666,426.312504,60,True,ENGINEERING HOLD · comparison screen
F4,F4 · Entrance circulators (trial),fan,DB2,DB2,2,760,,0,27.032427,S2-220-PF08-50C-6,4.318182,6,71.969697,2.5,0.634061,2.5,0.634061,407.777178,60,True,ENGINEERING HOLD · comparison screen
F5,F5 · Wing wall fans · held review,fan,DB1,FC1,4,220,,140,49.696531,S1-230-PF09-45C-4,1.062802,6,17.713366,2.5,0.23094,2.5,0.23094,231.892675,60,True,ENGINEERING HOLD · comparison screen
F5,F5 · Wing wall fans · held review,fan,DB1,FC1,4,220,,140,49.696531,S2-220-PF08-50C-6,1.25,6,20.833333,2.5,0.283963,2.5,0.283963,221.810385,60,True,ENGINEERING HOLD · comparison screen
L1,L1 · Central seating,light,DB1,LC1,32,691.666667,,691.666667,85.698658,S1-230-PF09-45C-4,3.341385,6,55.689748,1.5,1.772622,1.5,1.772622,80.684542,60,True,ENGINEERING HOLD · comparison screen
L1,L1 · Central seating,light,DB1,LC1,32,691.666667,,691.666667,85.698658,S2-220-PF08-50C-6,3.929924,6,65.498737,2.5,1.312159,1.5,2.179611,77.176518,60,True,ENGINEERING HOLD · comparison screen
L10,L10 · Façade statues & candles,light,DB2,DB2,15,34.0,,34.0,32.535,S1-230-PF09-45C-4,0.164251,6,2.73752,1.5,0.02776,1.5,0.02776,212.526724,60,True,ENGINEERING HOLD · comparison screen
L10,L10 · Façade statues & candles,light,DB2,DB2,15,34.0,,34.0,32.535,S2-220-PF08-50C-6,0.193182,6,3.219697,1.5,0.034134,1.5,0.034134,203.286432,60,True,ENGINEERING HOLD · comparison screen
L2,L2 · Outer seating,light,DB1,LC1,28,536.666667,,536.666667,72.65713,S1-230-PF09-45C-4,2.592593,6,43.209877,1.5,1.246217,1.5,1.246217,95.166943,60,True,ENGINEERING HOLD · comparison screen
L2,L2 · Outer seating,light,DB1,LC1,28,536.666667,,536.666667,72.65713,S2-220-PF08-50C-6,3.049242,6,50.820707,1.5,1.532345,1.5,1.532345,91.02925,60,True,ENGINEERING HOLD · comparison screen
L3,L3 · Sanctuary,light,DB1,LC1,27,431.572,,431.572,52.633549,S1-230-PF09-45C-4,2.084889,6,34.748148,1.5,0.603265,1.5,0.603265,131.371665,60,True,ENGINEERING HOLD · comparison screen
L3,L3 · Sanctuary,light,DB1,LC1,27,431.572,,431.572,52.633549,S2-220-PF08-50C-6,2.452114,6,40.868561,1.5,0.741773,1.5,0.741773,125.659853,60,True,ENGINEERING HOLD · comparison screen
L4,L4 · Circulation & verandas,light,DB1,LC1,18,336.0,,336.0,73.677865,S1-230-PF09-45C-4,1.623188,6,27.05314,1.5,0.699966,1.5,0.699966,93.848498,60,True,ENGINEERING HOLD · comparison screen
L4,L4 · Circulation & verandas,light,DB1,LC1,18,336.0,,336.0,73.677865,S2-220-PF08-50C-6,1.909091,6,31.818182,1.5,0.860676,1.5,0.860676,89.768128,60,True,ENGINEERING HOLD · comparison screen
L5,L5 · Steps & paths,light,DB1,LC1,22,333.0,,333.0,71.645303,S1-230-PF09-45C-4,1.608696,6,26.811594,1.5,0.586275,1.5,0.586275,96.51096,60,True,ENGINEERING HOLD · comparison screen
L5,L5 · Steps & paths,light,DB1,LC1,22,333.0,,333.0,71.645303,S2-220-PF08-50C-6,1.892045,6,31.534091,1.5,0.720883,1.5,0.720883,92.314832,60,True,ENGINEERING HOLD · comparison screen
L6,L6 · Façade & towers,light,DB2,DB2,26,918.888889,,918.888889,52.335,S1-230-PF09-45C-4,4.439077,6,73.984613,1.5,0.803957,1.5,0.803957,132.121085,60,True,ENGINEERING HOLD · comparison screen
L6,L6 · Façade & towers,light,DB2,DB2,26,918.888889,,918.888889,52.335,S2-220-PF08-50C-6,5.22096,10,52.209596,4,0.373816,1.5,0.988544,126.37669,100,True,ENGINEERING HOLD · comparison screen
L7,L7 · Festival exterior (strings & tower floods),light,DB2,DB2,26,710,,0,81.52613,S1-230-PF09-45C-4,3.429952,6,57.165862,1.5,1.309948,1.5,1.309948,84.813997,60,True,ENGINEERING HOLD · comparison screen
L7,L7 · Festival exterior (strings & tower floods),light,DB2,DB2,26,710,,0,81.52613,S2-220-PF08-50C-6,4.034091,6,67.234848,1.5,1.610709,1.5,1.610709,81.126432,60,True,ENGINEERING HOLD · comparison screen
L8,L8 · Wings · choir & ministers,light,DB1,LC1,4,204,,204,45.382577,S1-230-PF09-45C-4,0.985507,6,16.425121,1.5,0.338558,1.5,0.338558,152.361488,60,True,ENGINEERING HOLD · comparison screen
L8,L8 · Wings · choir & ministers,light,DB1,LC1,4,204,,204,45.382577,S2-220-PF08-50C-6,1.159091,6,19.318182,1.5,0.416289,1.5,0.416289,145.737076,60,True,ENGINEERING HOLD · comparison screen
L9,L9 · Front stage & central door,light,DB2,DB2,6,298,,298,30.306,S1-230-PF09-45C-4,1.439614,6,23.993559,1.5,0.295982,1.5,0.295982,228.15802,60,True,ENGINEERING HOLD · comparison screen
L9,L9 · Front stage & central door,light,DB2,DB2,6,298,,298,30.306,S2-220-PF08-50C-6,1.693182,6,28.219697,1.5,0.363939,1.5,0.363939,218.238106,60,True,ENGINEERING HOLD · comparison screen
LA,LA · Roof uplight,light,DB1,LC1,7,224,,224,72.506549,S1-230-PF09-45C-4,1.082126,6,18.035427,1.5,0.93884,1.5,0.93884,95.364585,60,True,ENGINEERING HOLD · comparison screen
LA,LA · Roof uplight,light,DB1,LC1,7,224,,224,72.506549,S2-220-PF08-50C-6,1.272727,6,21.212121,1.5,1.154395,1.5,1.154395,91.218299,60,True,ENGINEERING HOLD · comparison screen
LD,LD · Chandeliers & sconces,light,DB1,LC1,20,298.723404,,298.723404,71.824445,S1-230-PF09-45C-4,1.443108,6,24.051804,1.5,0.860447,1.5,0.860447,96.270245,60,True,ENGINEERING HOLD · comparison screen
LD,LD · Chandeliers & sconces,light,DB1,LC1,20,298.723404,,298.723404,71.824445,S2-220-PF08-50C-6,1.697292,6,28.288201,1.5,1.058003,1.5,1.058003,92.084582,60,True,ENGINEERING HOLD · comparison screen
P1,P1 · Sockets · side B (sanctuary + nave),power,DB1,DB1,2,,16,0,54.14313,S1-230-PF09-45C-4,16,16,100.0,6,3.035782,2.5,7.201507,212.848085,160,True,ENGINEERING HOLD · comparison screen
P1,P1 · Sockets · side B (sanctuary + nave),power,DB1,DB1,2,,16,0,54.14313,S2-220-PF08-50C-6,16,16,100.0,10,1.929464,2.5,7.528848,203.59382,160,True,ENGINEERING HOLD · comparison screen
P2,P2 · Sockets · side H (sanctuary + nave),power,DB1,DB1,2,,16,0,60.74313,S1-230-PF09-45C-4,16,16,100.0,6,3.405841,2.5,8.079365,189.721233,160,True,ENGINEERING HOLD · comparison screen
P2,P2 · Sockets · side H (sanctuary + nave),power,DB1,DB1,2,,16,0,60.74313,S2-220-PF08-50C-6,16,16,100.0,10,2.164664,2.5,8.446608,181.472484,160,True,ENGINEERING HOLD · comparison screen
P3,P3 · Event power · tower B,power,DB2,DB2,1,,32,0,9.87,S1-230-PF09-45C-4,32,32,100.0,25,0.282333,6,1.106813,2802.252062,320,True,ENGINEERING HOLD · comparison screen
P3,P3 · Event power · tower B,power,DB2,DB2,1,,32,0,9.87,S2-220-PF08-50C-6,32,32,100.0,25,0.295167,6,1.157123,2680.415015,320,True,ENGINEERING HOLD · comparison screen
P4,P4 · Event power · tower H,power,DB2,DB2,1,,32,0,16.47,S1-230-PF09-45C-4,32,32,100.0,25,0.471128,6,1.846931,1679.309523,320,True,ENGINEERING HOLD · comparison screen
P4,P4 · Event power · tower H,power,DB2,DB2,1,,32,0,16.47,S2-220-PF08-50C-6,32,32,100.0,25,0.492543,6,1.930883,1606.296066,320,True,ENGINEERING HOLD · comparison screen
V1,V1 · Exhaust ventilation,fan,DB1,FC1,9,1530,,540,85.978281,S1-230-PF09-45C-4,7.391304,10,73.913043,2.5,2.001252,2.5,2.001252,134.036893,100,True,ENGINEERING HOLD · comparison screen
V1,V1 · Exhaust ventilation,fan,DB1,FC1,9,1530,,540,85.978281,S2-220-PF08-50C-6,8.693182,16,54.332386,10,0.630627,2.5,2.460734,128.209202,160,False,ENGINEERING HOLD · comparison screen
