case,family,fans_per_wing,model_y_m,speed,target_abs_z_m,front_target_abs_z_m,back_target_abs_z_m,air_min_m_s,air_max_m_s,air_mean_m_s,below_0_3,within_0_3_0_8,above_0_8,noise_min_dba,noise_max_dba,noise_mean_dba,above_40_dba,above_45_dba
baseline-roof-fans,baseline,2,,,,,,0.3150735712664535,0.7861560350746976,0.5208431197353216,0,80,0,43.26532783615653,43.48497489600567,43.37214249341024,80,0
wall-2-h2p7-s1-z9p5,wall-2,2,2.7,1,9.5,,,0.07462141397439324,0.6583149620571322,0.2977903522346798,40,40,0,45.34940618925421,47.247833173117755,45.965529769573926,80,80
wall-2-h2p7-s1-z10p15,wall-2,2,2.7,1,10.15,,,0.07970009814557859,0.6089832461886592,0.3018427212756403,42,38,0,45.348616725846334,47.25074666160067,45.965157396280674,80,80
wall-2-h2p7-s1-z11,wall-2,2,2.7,1,11,,,0.07811119763609226,0.6607765853999424,0.2931175830943987,44,36,0,45.34677279727512,47.2513582532984,45.96294458359085,80,80
wall-2-h2p7-s2-z9p5,wall-2,2,2.7,2,9.5,,,0.07589008792230487,0.8709168869907016,0.38319046495758374,32,44,4,48.314030647126756,51.03829644240726,49.2268632510078,80,80
wall-2-h2p7-s2-z10p15,wall-2,2,2.7,2,10.15,,,0.0797008751942367,0.8063016682265169,0.3883033322049062,36,40,4,48.312769129971116,51.04214519690427,49.22622431010109,80,80
wall-2-h2p7-s2-z11,wall-2,2,2.7,2,11,,,0.0781390136115625,0.8775378341700651,0.3725256801184946,44,28,8,48.30982210372923,51.042953011910186,49.222849530087586,80,80
wall-2-h3p2-s1-z9p5,wall-2,2,3.2,1,9.5,,,0.07349893927187352,0.6133136913742254,0.26952253299654066,40,40,0,45.320136771868,46.647444230799664,45.798896029667496,80,80
wall-2-h3p2-s1-z10p15,wall-2,2,3.2,1,10.15,,,0.0796995726315967,0.5512139575550135,0.2707632323093704,50,30,0,45.319442230648484,46.64996929239466,45.79869422980913,80,80
wall-2-h3p2-s1-z11,wall-2,2,3.2,1,11,,,0.07808443432642903,0.5843222144268589,0.26385536477780774,48,32,0,45.317848287165994,46.65131314597045,45.79714359580742,80,80
wall-2-h3p2-s2-z9p5,wall-2,2,3.2,2,9.5,,,0.07391704615651622,0.8104091924283195,0.3443150160991929,32,44,4,48.267167653749645,50.22604092064902,48.985814324557666,80,80
wall-2-h3p2-s2-z10p15,wall-2,2,3.2,2,10.15,,,0.07969994095387081,0.7289726732923222,0.3453246044888333,40,40,0,48.26605331835288,50.22954330203346,48.985450641909814,80,80
wall-2-h3p2-s2-z11,wall-2,2,3.2,2,11,,,0.07809144500066818,0.7751388352315712,0.3326483583050114,44,36,0,48.263495557144054,50.2314069700751,48.98303738742642,80,80
wall-2-h3p7-s1-z9p5,wall-2,2,3.7,1,9.5,,,0.07325854847215252,0.5704356945523684,0.24876798973446781,44,36,0,45.28850209249812,46.229237967535674,45.658592189898755,80,80
wall-2-h3p7-s1-z10p15,wall-2,2,3.7,1,10.15,,,0.07969966507111799,0.5045906990634224,0.24889400571412837,52,28,0,45.28790974425222,46.231141674676905,45.65846941106337,80,80
wall-2-h3p7-s1-z11,wall-2,2,3.7,1,11,,,0.0780797174271779,0.5198784364449224,0.24274724673380418,50,30,0,45.28657064304398,46.23236437601697,45.65735397492345,80,80
wall-2-h3p7-s2-z9p5,wall-2,2,3.7,2,9.5,,,0.07349157246850345,0.7526810372136188,0.3157795524388659,38,42,0,48.21630250130611,49.632871953107866,48.776628702520846,80,80
wall-2-h3p7-s2-z10p15,wall-2,2,3.7,2,10.15,,,0.07970010528996394,0.6663976887823222,0.31515684201515115,44,36,0,48.21534791505,49.63560714757767,48.77640387900978,80,80
wall-2-h3p7-s2-z11,wall-2,2,3.7,2,11,,,0.07808305995790214,0.6887202415011608,0.30398863060334647,44,36,0,48.21318962135669,49.637340379944106,48.77464388542584,80,80
wall-4-h2p7-s1-front8p6,wall-4,4,2.7,1,,8.6,11.5,0.16740830399475776,0.769640585764425,0.4364014315621829,20,60,0,46.96461362259428,49.14083931442694,47.76568183112451,80,80
wall-4-h2p7-s1-front9,wall-4,4,2.7,1,,9,11.5,0.2347922292633654,0.7696855313546056,0.45113653881729726,12,68,0,46.964491406091966,49.14232356613827,47.76590151553592,80,80
wall-4-h2p7-s2-front8p6,wall-4,4,2.7,2,,8.6,11.5,0.2110914200046244,1.0231898820662646,0.5743470046261057,12,56,12,50.668936490775934,53.395268344493026,51.693433340282375,80,80
wall-4-h2p7-s2-front9,wall-4,4,2.7,2,,9,11.5,0.3032360011028001,1.023249985074681,0.5946936963966958,0,68,12,50.668771788466806,53.39703052648154,51.69369038911456,80,80
wall-4-h3p2-s1-front8p6,wall-4,4,3.2,1,,8.6,11.5,0.1358398283649299,0.6477615542009175,0.38916544262834724,20,60,0,46.92403419883537,48.485795157561036,47.54064251734303,80,80
wall-4-h3p2-s1-front9,wall-4,4,3.2,1,,9,11.5,0.1958877246612229,0.6477784255384299,0.4024633551687723,20,60,0,46.923924881367434,48.48698797054258,47.54084031981752,80,80
wall-4-h3p2-s2-front8p6,wall-4,4,3.2,2,,8.6,11.5,0.16595413957446767,0.8601183517002943,0.5102646422309063,16,60,4,50.61416153104693,52.60574427204978,51.41128861297496,80,80
wall-4-h3p2-s2-front9,wall-4,4,3.2,2,,9,11.5,0.2509049521722245,0.8601409400183478,0.5289351658217402,8,68,4,50.61401372957648,52.60720498220959,51.4115298427991,80,80
wall-4-h3p7-s1-front8p6,wall-4,4,3.7,1,,8.6,11.5,0.12199888630524336,0.5579068487161885,0.3547238465435308,20,60,0,46.88033947745281,48.013441215748486,47.35476339307614,80,80
wall-4-h3p7-s1-front9,wall-4,4,3.7,1,,9,11.5,0.17238079616978874,0.5579170886329926,0.36646311899782813,24,56,0,46.88024492750604,48.01434178915166,47.35492783935798,80,80
wall-4-h3p7-s2-front8p6,wall-4,4,3.7,2,,8.6,11.5,0.14558971903919837,0.7397351284437271,0.4634590839975646,16,64,0,50.55497960803354,52.01982812011914,51.17309466114189,80,80
wall-4-h3p7-s2-front9,wall-4,4,3.7,2,,9,11.5,0.21809016144291818,0.739748858088676,0.4801826679515061,12,68,0,50.554851316214595,52.02096017857126,51.173301292504426,80,80
