id,name,type,x_m,y_m,z_m,hidden,on,speed,circuit,mount,yaw_deg,tilt_deg,catalog_diameter_m,catalog_rotor_drop_m,catalog_source_ref,viewer_geometry_envelope,source_file,source_line,item_json_pointer,position_json_pointer,type_json_pointer,hidden_json_pointer,on_json_pointer,speed_json_pointer,circuit_json_pointer
F226,Ceiling fan · bay 2′–3 · B aisle,fanCeiling,7.725,3.9,-4.4,false,true,2,F1,pendant,0,0,1.42,0.17,Thach_Bi_Viewer/simulator/catalog.js:652-654,Five-blade rotor; catalog diameter 1.42 m; rotorDrop 0.17 m. Generic viewer proxy.,docs/electrical-grid/equipment-layout.json,5075,/items/225,/items/225/pos,/items/225/type,/items/225/hidden,/items/225/on,/items/225/speed,/items/225/circuit
F227,Ceiling fan · bay 2′–3 · H aisle,fanCeiling,7.725,3.9,4.4,false,true,2,F1,pendant,0,0,1.42,0.17,Thach_Bi_Viewer/simulator/catalog.js:652-654,Five-blade rotor; catalog diameter 1.42 m; rotorDrop 0.17 m. Generic viewer proxy.,docs/electrical-grid/equipment-layout.json,5098,/items/226,/items/226/pos,/items/226/type,/items/226/hidden,/items/226/on,/items/226/speed,/items/226/circuit
F228,Ceiling fan · bay 3–4 · B aisle,fanCeiling,12.225,3.9,-4.4,false,true,2,F1,pendant,0,0,1.42,0.17,Thach_Bi_Viewer/simulator/catalog.js:652-654,Five-blade rotor; catalog diameter 1.42 m; rotorDrop 0.17 m. Generic viewer proxy.,docs/electrical-grid/equipment-layout.json,5121,/items/227,/items/227/pos,/items/227/type,/items/227/hidden,/items/227/on,/items/227/speed,/items/227/circuit
F229,Ceiling fan · bay 3–4 · H aisle,fanCeiling,12.225,3.9,4.4,false,true,2,F1,pendant,0,0,1.42,0.17,Thach_Bi_Viewer/simulator/catalog.js:652-654,Five-blade rotor; catalog diameter 1.42 m; rotorDrop 0.17 m. Generic viewer proxy.,docs/electrical-grid/equipment-layout.json,5144,/items/228,/items/228/pos,/items/228/type,/items/228/hidden,/items/228/on,/items/228/speed,/items/228/circuit
F230,Ceiling fan · bay 4–5 · B aisle,fanCeiling,16.725,3.9,-4.4,false,true,2,F1,pendant,0,0,1.42,0.17,Thach_Bi_Viewer/simulator/catalog.js:652-654,Five-blade rotor; catalog diameter 1.42 m; rotorDrop 0.17 m. Generic viewer proxy.,docs/electrical-grid/equipment-layout.json,5167,/items/229,/items/229/pos,/items/229/type,/items/229/hidden,/items/229/on,/items/229/speed,/items/229/circuit
F231,Ceiling fan · bay 4–5 · H aisle,fanCeiling,16.725,3.9,4.4,false,true,2,F1,pendant,0,0,1.42,0.17,Thach_Bi_Viewer/simulator/catalog.js:652-654,Five-blade rotor; catalog diameter 1.42 m; rotorDrop 0.17 m. Generic viewer proxy.,docs/electrical-grid/equipment-layout.json,5190,/items/230,/items/230/pos,/items/230/type,/items/230/hidden,/items/230/on,/items/230/speed,/items/230/circuit
F232,Ceiling fan · bay 5–6 · B aisle,fanCeiling,21.225,3.9,-4.4,false,true,2,F1,pendant,0,0,1.42,0.17,Thach_Bi_Viewer/simulator/catalog.js:652-654,Five-blade rotor; catalog diameter 1.42 m; rotorDrop 0.17 m. Generic viewer proxy.,docs/electrical-grid/equipment-layout.json,5213,/items/231,/items/231/pos,/items/231/type,/items/231/hidden,/items/231/on,/items/231/speed,/items/231/circuit
F233,Ceiling fan · bay 5–6 · H aisle,fanCeiling,21.225,3.9,4.4,false,true,2,F1,pendant,0,0,1.42,0.17,Thach_Bi_Viewer/simulator/catalog.js:652-654,Five-blade rotor; catalog diameter 1.42 m; rotorDrop 0.17 m. Generic viewer proxy.,docs/electrical-grid/equipment-layout.json,5236,/items/232,/items/232/pos,/items/232/type,/items/232/hidden,/items/232/on,/items/232/speed,/items/232/circuit
F234,Ceiling fan · bay 6–7 · B aisle,fanCeiling,25.725,3.9,-4.4,false,true,2,F1,pendant,0,0,1.42,0.17,Thach_Bi_Viewer/simulator/catalog.js:652-654,Five-blade rotor; catalog diameter 1.42 m; rotorDrop 0.17 m. Generic viewer proxy.,docs/electrical-grid/equipment-layout.json,5259,/items/233,/items/233/pos,/items/233/type,/items/233/hidden,/items/233/on,/items/233/speed,/items/233/circuit
F235,Ceiling fan · bay 6–7 · H aisle,fanCeiling,25.725,3.9,4.4,false,true,2,F1,pendant,0,0,1.42,0.17,Thach_Bi_Viewer/simulator/catalog.js:652-654,Five-blade rotor; catalog diameter 1.42 m; rotorDrop 0.17 m. Generic viewer proxy.,docs/electrical-grid/equipment-layout.json,5282,/items/234,/items/234/pos,/items/234/type,/items/234/hidden,/items/234/on,/items/234/speed,/items/234/circuit
F236,Ceiling fan · bay 7–8 · B aisle,fanCeiling,30.225,3.9,-4.4,false,true,2,F1,pendant,0,0,1.42,0.17,Thach_Bi_Viewer/simulator/catalog.js:652-654,Five-blade rotor; catalog diameter 1.42 m; rotorDrop 0.17 m. Generic viewer proxy.,docs/electrical-grid/equipment-layout.json,5305,/items/235,/items/235/pos,/items/235/type,/items/235/hidden,/items/235/on,/items/235/speed,/items/235/circuit
F237,Ceiling fan · bay 7–8 · H aisle,fanCeiling,30.225,3.9,4.4,false,true,2,F1,pendant,0,0,1.42,0.17,Thach_Bi_Viewer/simulator/catalog.js:652-654,Five-blade rotor; catalog diameter 1.42 m; rotorDrop 0.17 m. Generic viewer proxy.,docs/electrical-grid/equipment-layout.json,5328,/items/236,/items/236/pos,/items/236/type,/items/236/hidden,/items/236/on,/items/236/speed,/items/236/circuit
F238,Ceiling fan · bay 8–9 · B aisle,fanCeiling,34.725,3.9,-4.4,false,true,2,F1,pendant,0,0,1.42,0.17,Thach_Bi_Viewer/simulator/catalog.js:652-654,Five-blade rotor; catalog diameter 1.42 m; rotorDrop 0.17 m. Generic viewer proxy.,docs/electrical-grid/equipment-layout.json,5351,/items/237,/items/237/pos,/items/237/type,/items/237/hidden,/items/237/on,/items/237/speed,/items/237/circuit
F239,Ceiling fan · bay 8–9 · H aisle,fanCeiling,34.725,3.9,4.4,false,true,2,F1,pendant,0,0,1.42,0.17,Thach_Bi_Viewer/simulator/catalog.js:652-654,Five-blade rotor; catalog diameter 1.42 m; rotorDrop 0.17 m. Generic viewer proxy.,docs/electrical-grid/equipment-layout.json,5374,/items/238,/items/238/pos,/items/238/type,/items/238/hidden,/items/238/on,/items/238/speed,/items/238/circuit
F240,Ceiling fan · wing B · front,fanCeiling,39.3,3.3,-10.15,false,true,2,F1,pendant,0,0,1.42,0.17,Thach_Bi_Viewer/simulator/catalog.js:652-654,Five-blade rotor; catalog diameter 1.42 m; rotorDrop 0.17 m. Generic viewer proxy.,docs/electrical-grid/equipment-layout.json,5397,/items/239,/items/239/pos,/items/239/type,/items/239/hidden,/items/239/on,/items/239/speed,/items/239/circuit
F241,Ceiling fan · wing B · rear,fanCeiling,41.85,3.3,-10.15,false,true,2,F1,pendant,0,0,1.42,0.17,Thach_Bi_Viewer/simulator/catalog.js:652-654,Five-blade rotor; catalog diameter 1.42 m; rotorDrop 0.17 m. Generic viewer proxy.,docs/electrical-grid/equipment-layout.json,5419,/items/240,/items/240/pos,/items/240/type,/items/240/hidden,/items/240/on,/items/240/speed,/items/240/circuit
F242,Ceiling fan · wing H · front,fanCeiling,39.3,3.3,10.15,false,true,2,F1,pendant,0,0,1.42,0.17,Thach_Bi_Viewer/simulator/catalog.js:652-654,Five-blade rotor; catalog diameter 1.42 m; rotorDrop 0.17 m. Generic viewer proxy.,docs/electrical-grid/equipment-layout.json,5441,/items/241,/items/241/pos,/items/241/type,/items/241/hidden,/items/241/on,/items/241/speed,/items/241/circuit
F243,Ceiling fan · wing H · rear,fanCeiling,41.85,3.3,10.15,false,true,2,F1,pendant,0,0,1.42,0.17,Thach_Bi_Viewer/simulator/catalog.js:652-654,Five-blade rotor; catalog diameter 1.42 m; rotorDrop 0.17 m. Generic viewer proxy.,docs/electrical-grid/equipment-layout.json,5463,/items/242,/items/242/pos,/items/242/type,/items/242/hidden,/items/242/on,/items/242/speed,/items/242/circuit
F244,Wall fan · axis 4 · B,fanWall,14.475,5.55,-7.07,true,true,2,F2,wall,90,-38,0.45,,Thach_Bi_Viewer/simulator/catalog.js:659-661,Catalog diameter 0.45 m; viewer fanHead guard radius 0.24 m. Generic viewer proxy.,docs/electrical-grid/equipment-layout.json,5485,/items/243,/items/243/pos,/items/243/type,/items/243/hidden,/items/243/on,/items/243/speed,/items/243/circuit
F245,Wall fan · axis 4 · H,fanWall,14.475,5.55,7.07,true,true,2,F2,wall,-90,-38,0.45,,Thach_Bi_Viewer/simulator/catalog.js:659-661,Catalog diameter 0.45 m; viewer fanHead guard radius 0.24 m. Generic viewer proxy.,docs/electrical-grid/equipment-layout.json,5506,/items/244,/items/244/pos,/items/244/type,/items/244/hidden,/items/244/on,/items/244/speed,/items/244/circuit
F246,Wall fan · axis 6 · B,fanWall,23.475,5.55,-7.07,true,true,2,F2,wall,90,-38,0.45,,Thach_Bi_Viewer/simulator/catalog.js:659-661,Catalog diameter 0.45 m; viewer fanHead guard radius 0.24 m. Generic viewer proxy.,docs/electrical-grid/equipment-layout.json,5527,/items/245,/items/245/pos,/items/245/type,/items/245/hidden,/items/245/on,/items/245/speed,/items/245/circuit
F247,Wall fan · axis 6 · H,fanWall,23.475,5.55,7.07,true,true,2,F2,wall,-90,-38,0.45,,Thach_Bi_Viewer/simulator/catalog.js:659-661,Catalog diameter 0.45 m; viewer fanHead guard radius 0.24 m. Generic viewer proxy.,docs/electrical-grid/equipment-layout.json,5548,/items/246,/items/246/pos,/items/246/type,/items/246/hidden,/items/246/on,/items/246/speed,/items/246/circuit
F248,Wall fan · axis 8 · B,fanWall,32.475,5.55,-7.07,true,true,2,F2,wall,90,-38,0.45,,Thach_Bi_Viewer/simulator/catalog.js:659-661,Catalog diameter 0.45 m; viewer fanHead guard radius 0.24 m. Generic viewer proxy.,docs/electrical-grid/equipment-layout.json,5569,/items/247,/items/247/pos,/items/247/type,/items/247/hidden,/items/247/on,/items/247/speed,/items/247/circuit
F249,Wall fan · axis 8 · H,fanWall,32.475,5.55,7.07,true,true,2,F2,wall,-90,-38,0.45,,Thach_Bi_Viewer/simulator/catalog.js:659-661,Catalog diameter 0.45 m; viewer fanHead guard radius 0.24 m. Generic viewer proxy.,docs/electrical-grid/equipment-layout.json,5590,/items/248,/items/248/pos,/items/248/type,/items/248/hidden,/items/248/on,/items/248/speed,/items/248/circuit
F250,Entrance circulator · B,fanWallLarge,2.655,6,-3.05,false,false,2,F4,wall,8,-14,0.9,,Thach_Bi_Viewer/simulator/catalog.js:662-664,Catalog diameter 0.90 m; viewer guard radius 0.47 m. Generic viewer proxy.,docs/electrical-grid/equipment-layout.json,5611,/items/249,/items/249/pos,/items/249/type,/items/249/hidden,/items/249/on,/items/249/speed,/items/249/circuit
F251,Entrance circulator · H,fanWallLarge,2.655,6,3.05,false,false,2,F4,wall,-8,-14,0.9,,Thach_Bi_Viewer/simulator/catalog.js:662-664,Catalog diameter 0.90 m; viewer guard radius 0.47 m. Generic viewer proxy.,docs/electrical-grid/equipment-layout.json,5632,/items/250,/items/250/pos,/items/250/type,/items/250/hidden,/items/250/on,/items/250/speed,/items/250/circuit
F252,Exhaust fan · front gable · B outer,fanExhaust,5.48,9.4,-2.4,false,true,1,V1,wall,0,0,0.5,,Thach_Bi_Viewer/simulator/catalog.js:665-667,Catalog diameter 0.50 m; viewer casing 0.62 m square and grille 0.54 m square. Generic viewer proxy.,docs/electrical-grid/equipment-layout.json,5653,/items/251,/items/251/pos,/items/251/type,/items/251/hidden,/items/251/on,/items/251/speed,/items/251/circuit
F253,Exhaust fan · front gable · B inner,fanExhaust,5.48,9.4,-0.8,false,true,1,V1,wall,0,0,0.5,,Thach_Bi_Viewer/simulator/catalog.js:665-667,Catalog diameter 0.50 m; viewer casing 0.62 m square and grille 0.54 m square. Generic viewer proxy.,docs/electrical-grid/equipment-layout.json,5674,/items/252,/items/252/pos,/items/252/type,/items/252/hidden,/items/252/on,/items/252/speed,/items/252/circuit
F254,Exhaust fan · front gable · H inner,fanExhaust,5.48,9.4,0.8,false,true,1,V1,wall,0,0,0.5,,Thach_Bi_Viewer/simulator/catalog.js:665-667,Catalog diameter 0.50 m; viewer casing 0.62 m square and grille 0.54 m square. Generic viewer proxy.,docs/electrical-grid/equipment-layout.json,5695,/items/253,/items/253/pos,/items/253/type,/items/253/hidden,/items/253/on,/items/253/speed,/items/253/circuit
F255,Exhaust fan · front gable · H outer,fanExhaust,5.48,9.4,2.4,false,true,1,V1,wall,0,0,0.5,,Thach_Bi_Viewer/simulator/catalog.js:665-667,Catalog diameter 0.50 m; viewer casing 0.62 m square and grille 0.54 m square. Generic viewer proxy.,docs/electrical-grid/equipment-layout.json,5716,/items/254,/items/254/pos,/items/254/type,/items/254/hidden,/items/254/on,/items/254/speed,/items/254/circuit
F256,Exhaust fan · wing gable B · front,fanExhaust,39.7,7.6,-13.13,false,true,1,V1,wall,90,0,0.5,,Thach_Bi_Viewer/simulator/catalog.js:665-667,Catalog diameter 0.50 m; viewer casing 0.62 m square and grille 0.54 m square. Generic viewer proxy.,docs/electrical-grid/equipment-layout.json,5737,/items/255,/items/255/pos,/items/255/type,/items/255/hidden,/items/255/on,/items/255/speed,/items/255/circuit
F257,Exhaust fan · wing gable B · rear,fanExhaust,41.45,7.6,-13.13,false,true,1,V1,wall,90,0,0.5,,Thach_Bi_Viewer/simulator/catalog.js:665-667,Catalog diameter 0.50 m; viewer casing 0.62 m square and grille 0.54 m square. Generic viewer proxy.,docs/electrical-grid/equipment-layout.json,5758,/items/256,/items/256/pos,/items/256/type,/items/256/hidden,/items/256/on,/items/256/speed,/items/256/circuit
F258,Exhaust fan · wing gable H · front,fanExhaust,39.7,7.6,13.13,false,true,1,V1,wall,-90,0,0.5,,Thach_Bi_Viewer/simulator/catalog.js:665-667,Catalog diameter 0.50 m; viewer casing 0.62 m square and grille 0.54 m square. Generic viewer proxy.,docs/electrical-grid/equipment-layout.json,5779,/items/257,/items/257/pos,/items/257/type,/items/257/hidden,/items/257/on,/items/257/speed,/items/257/circuit
F259,Exhaust fan · wing gable H · rear,fanExhaust,41.45,7.6,13.13,false,true,1,V1,wall,-90,0,0.5,,Thach_Bi_Viewer/simulator/catalog.js:665-667,Catalog diameter 0.50 m; viewer casing 0.62 m square and grille 0.54 m square. Generic viewer proxy.,docs/electrical-grid/equipment-layout.json,5800,/items/258,/items/258/pos,/items/258/type,/items/258/hidden,/items/258/on,/items/258/speed,/items/258/circuit
F260,Exhaust fan · service room,fanExhaust,53.12,3.3,0,false,true,1,V1,wall,180,0,0.5,,Thach_Bi_Viewer/simulator/catalog.js:665-667,Catalog diameter 0.50 m; viewer casing 0.62 m square and grille 0.54 m square. Generic viewer proxy.,docs/electrical-grid/equipment-layout.json,5821,/items/259,/items/259/pos,/items/259/type,/items/259/hidden,/items/259/on,/items/259/speed,/items/259/circuit
