type,scope,quantity,equipment_ids,model_specs,reference_id,comparison_product,unit_comparison_price_jpy,pack_quantity,comparison_packs,comparison_extension_jpy,reference_only_extension_jpy,included_in_comparison_subtotal,price_status,url,compatibility_gaps
banner,Shown model scope,2,"[""D300"", ""D306""]","[""""]",,,,,,,,False,Unpriced / pending,,[]
bulbString,Shown model scope,24,"[""L196"", ""L197"", ""L198"", ""L199"", ""L200"", ""L201"", ""L202"", ""L203"", ""L204"", ""L205"", ""L206"", ""L207"", ""L208"", ""L209"", ""L210"", ""L211"", ""L212"", ""L213"", ""L214"", ""L215"", ""L216"", ""L217"", ""L218"", ""L219""]","[""12 bulbs · 1 W/bulb assumed · lumen data needed · 2200 K · 6.700000000000001 m strand"", ""12 bulbs · 1 W/bulb assumed · lumen data needed · 2200 K · 6.85 m strand"", ""14 bulbs · 1 W/bulb assumed · lumen data needed · 2200 K · 7.790000000000001 m strand"", ""16 bulbs · 1 W/bulb assumed · lumen data needed · 2200 K · 8.9 m strand"", ""16 bulbs · 1 W/bulb assumed · lumen data needed · 2200 K · 9.07 m strand"", ""26 bulbs · 1 W/bulb assumed · lumen data needed · 2200 K · 14.8 m strand"", ""54 bulbs · 1 W/bulb assumed · lumen data needed · 2200 K · 31.7 m strand"", ""80 bulbs · 1 W/bulb assumed · lumen data needed · 2200 K · 47.3 m strand""]",,,,,,,,False,Unpriced / pending,,[]
bunting,Hidden alternative / excluded,3,"[""D320"", ""D321"", ""D322""]","[""""]",,,,,,,,False,Unpriced / pending,,[]
carpet,Hidden alternative / excluded,1,"[""D308""]","[""""]",,,,,,,,False,Unpriced / pending,,[]
chandelier12,Shown model scope,1,"[""L81""]","[""5640 lm · 2700 K""]",,,,,,,,False,Unpriced / pending,,[]
chandelier6Reading,Shown model scope,4,"[""L63"", ""L65"", ""L67"", ""L69""]","[""5640 lm · 2700 K · 100° beam""]",,,,,,,,False,Unpriced / pending,,[]
chandelier8,Shown model scope,3,"[""L78"", ""L79"", ""L80""]","[""3760 lm · 2700 K""]",,,,,,,,False,Unpriced / pending,,[]
christmasTree,Hidden alternative / excluded,1,"[""D309""]","[""350 lm · 2400 K""]",,,,,,,,False,Unpriced / pending,,[]
corniceFlood,Shown model scope,18,"[""L160"", ""L161"", ""L162"", ""L163"", ""L164"", ""L166"", ""L167"", ""L168"", ""L169"", ""L171"", ""L172"", ""L173"", ""L174"", ""L175"", ""L177"", ""L178"", ""L179"", ""L180""]","[""2500 lm · 3000 K · 36° beam"", ""2500 lm · 3000 K · 50° beam"", ""3000 lm · 3000 K · 40° beam"", ""3500 lm · 3000 K · 50° beam"", ""4000 lm · 3000 K · 40° beam"", ""4500 lm · 3000 K · 40° beam"", ""5000 lm · 3000 K · 40° beam"", ""6000 lm · 3000 K · 40° beam"", ""7000 lm · 3000 K · 40° beam""]",,,,,,,,False,Unpriced / pending,,[]
enclosure:AV1,Shown enclosure proxy,1,"[""AV1""]","[""Visualization envelope; internal modules/channels/capacity unknown""]",,,,,,,,False,Unpriced / pending,,[]
enclosure:DB1,Shown enclosure proxy,1,"[""DB1""]","[""Visualization envelope; internal modules/channels/capacity unknown""]",,,,,,,,False,Unpriced / pending,,[]
enclosure:DB2,Shown enclosure proxy,1,"[""DB2""]","[""Visualization envelope; internal modules/channels/capacity unknown""]",,,,,,,,False,Unpriced / pending,,[]
enclosure:FC1,Shown enclosure proxy,1,"[""FC1""]","[""Visualization envelope; internal modules/channels/capacity unknown""]",,,,,,,,False,Unpriced / pending,,[]
enclosure:LC1,Shown enclosure proxy,1,"[""LC1""]","[""Visualization envelope; internal modules/channels/capacity unknown""]",,,,,,,,False,Unpriced / pending,,[]
exitSign,Shown model scope,5,"[""L155"", ""L156"", ""L157"", ""L158"", ""L159""]","[""20 lm · 6500 K""]",,,,,,,,False,Unpriced / pending,,[]
fanCeiling,Shown model scope,14,"[""F226"", ""F227"", ""F228"", ""F229"", ""F230"", ""F231"", ""F232"", ""F233"", ""F234"", ""F235"", ""F236"", ""F237"", ""F238"", ""F239""]","[""1.42 m diameter · 60 W at maximum speed""]",,,,,,,,False,Unpriced / pending,,[]
fanExhaust,Shown model scope,9,"[""F252"", ""F253"", ""F254"", ""F255"", ""F256"", ""F257"", ""F258"", ""F259"", ""F260""]","[""0.5 m diameter · 170 W at maximum speed""]",,,,,,,,False,Unpriced / pending,,[]
fanWall,Shown model scope,6,"[""F244"", ""F245"", ""F246"", ""F247"", ""F248"", ""F249""]","[""0.45 m diameter · 55 W at maximum speed""]",,,,,,,,False,Unpriced / pending,,[]
fanWallLarge,Shown model scope,2,"[""F250"", ""F251""]","[""0.9 m diameter · 380 W at maximum speed""]",,,,,,,,False,Unpriced / pending,,[]
fanWingWall,Shown model scope,4,"[""F240"", ""F241"", ""F242"", ""F243""]","[""0.45 m diameter · 55 W at maximum speed""]",,,,,,,,False,Unpriced / pending,,[]
flood,Shown model scope,12,"[""L170"", ""L181"", ""L182"", ""L183"", ""L189"", ""L190"", ""L220"", ""L221"", ""L222"", ""L223"", ""L224"", ""L225""]","[""6000 lm · 3000 K · 50° beam"", ""6000 lm · 3000 K · 55° beam"", ""6500 lm · 3000 K · 60° beam"", ""9000 lm · 3000 K · 40° beam"", ""9000 lm · 3000 K · 45° beam""]",,,,,,,,False,Unpriced / pending,,[]
floorFlowers,Shown model scope,4,"[""D297"", ""D298"", ""D303"", ""D304""]","[""""]",,,,,,,,False,Unpriced / pending,,[]
flowerStand,Shown model scope,2,"[""D295"", ""D301""]","[""""]",,,,,,,,False,Unpriced / pending,,[]
grotto,Hidden alternative / excluded,1,"[""D310""]","[""400 lm · 3000 K""]",,,,,,,,False,Unpriced / pending,,[]
horn,Shown model scope,8,"[""S283"", ""S284"", ""S285"", ""S286"", ""S287"", ""S288"", ""S289"", ""S290""]","[""30 W audio rating · Passive / amplifier output · 100.3 ms delay"", ""30 W audio rating · Passive / amplifier output · 25 ms delay"", ""30 W audio rating · Passive / amplifier output · 33.6 ms delay"", ""30 W audio rating · Passive / amplifier output · 62 ms delay"", ""30 W audio rating · Passive / amplifier output · 66.4 ms delay"", ""30 W audio rating · Passive / amplifier output · 91.3 ms delay"", ""30 W audio rating · Passive / amplifier output · 92.2 ms delay"", ""30 W audio rating · Passive / amplifier output · 99.4 ms delay""]",,,,,,,,False,Unpriced / pending,,[]
lantern,Shown model scope,18,"[""L119"", ""L120"", ""L121"", ""L122"", ""L123"", ""L124"", ""L125"", ""L126"", ""L127"", ""L128"", ""L129"", ""L130"", ""L131"", ""L132"", ""L133"", ""L134"", ""L135"", ""L136""]","[""2000 lm · 2700 K""]",,,,,,,,False,Unpriced / pending,,[]
lanternString,Hidden alternative / excluded,8,"[""D312"", ""D313"", ""D314"", ""D315"", ""D316"", ""D317"", ""D318"", ""D319""]","[""240 lm · 2200 K · 3.4 m strand""]",,,,,,,,False,Unpriced / pending,,[]
mic,Shown model scope,2,"[""S291"", ""S292""]","[""Microphone signal → mixer input""]",amazon-jp-audiotechnica-pro49ql-microphone,audio-technica PRO49QL Gooseneck Condenser Microphone,29998.0,1,2,59996,59996,True,Market comparison only; engineering fit pending,https://www.amazon.co.jp/dp/B0832LSRHJ,"[""Microphone comparison only; listing says unidirectional, which does not verify the modeled cardioid polar pattern. It gives 70–16,000 Hz response, −37 dB sensitivity, 134 dB maximum SPL, 66 dB signal-to-noise ratio and 418 mm length."", ""The item includes a windscreen and quick-mount XLR-M connector; a desk/base mounting fixture, cable, mixer input and phantom supply are not included or confirmed. Phantom supply and the 2 mA microphone current are not AC mains load."", ""No feedback performance at the modeled ambo/altar positions, installation base, expected service life, replacement parts, or Vietnam warranty/support availability is established.""]"
palm,Shown model scope,4,"[""D296"", ""D299"", ""D302"", ""D305""]","[""""]",,,,,,,,False,Unpriced / pending,,[]
paschal,Shown model scope,1,"[""D307""]","[""""]",,,,,,,,False,Unpriced / pending,,[]
pendantSpeaker,Shown model scope,4,"[""S279"", ""S280"", ""S281"", ""S282""]","[""30 W audio rating · Passive / amplifier output · 50.9 ms delay"", ""30 W audio rating · Passive / amplifier output · 56.8 ms delay"", ""30 W audio rating · Passive / amplifier output · 88.8 ms delay"", ""30 W audio rating · Passive / amplifier output · 92.3 ms delay""]",,,,,,,,False,Unpriced / pending,,[]
projector24,Shown model scope,2,"[""L98"", ""L99""]","[""4500 lm · 3000 K · 24° beam""]",,,,,,,,False,Unpriced / pending,,[]
projector36,Shown model scope,80,"[""L3"", ""L4"", ""L5"", ""L6"", ""L7"", ""L8"", ""L9"", ""L10"", ""L11"", ""L12"", ""L13"", ""L14"", ""L15"", ""L16"", ""L17"", ""L18"", ""L19"", ""L20"", ""L21"", ""L22"", ""L23"", ""L24"", ""L25"", ""L26"", ""L27"", ""L28"", ""L29"", ""L30"", ""L31"", ""L32"", ""L33"", ""L34"", ""L35"", ""L36"", ""L37"", ""L38"", ""L39"", ""L40"", ""L41"", ""L42"", ""L43"", ""L44"", ""L45"", ""L46"", ""L47"", ""L48"", ""L49"", ""L50"", ""L51"", ""L52"", ""L53"", ""L54"", ""L55"", ""L56"", ""L57"", ""L58"", ""L59"", ""L60"", ""L61"", ""L62"", ""L101"", ""L102"", ""L104"", ""L105"", ""L107"", ""L108"", ""L111"", ""L112"", ""L116"", ""L118"", ""L184"", ""L185"", ""L186"", ""L187"", ""L188"", ""L191"", ""L192"", ""L193"", ""L194"", ""L195""]","[""1300 lm · 3000 K · 36° beam"", ""2300 lm · 3000 K · 28° beam"", ""2300 lm · 3000 K · 36° beam"", ""2400 lm · 3000 K · 50° beam"", ""2500 lm · 3000 K · 50° beam"", ""3000 lm · 3000 K · 55° beam"", ""3300 lm · 3000 K · 50° beam"", ""3500 lm · 3000 K · 50° beam"", ""4000 lm · 3000 K · 36° beam"", ""6000 lm · 3000 K · 44° beam"", ""650 lm · 3000 K · 36° beam""]",,,,,,,,False,Unpriced / pending,,[]
saintPaulPicture,Shown model scope,2,"[""D-WING-B-PAUL"", ""D-WING-H-PAUL""]","[""Generated devotional concept. Frame proxy 1.12 × 1.62 m; actual size, material, glass, mounting and artwork approval pending. Unpowered.""]",,,,,,,,False,Unpriced / pending,,[]
saintPeterPicture,Shown model scope,2,"[""D-WING-B-PETER"", ""D-WING-H-PETER""]","[""Generated devotional concept. Frame proxy 1.12 × 1.62 m; actual size, material, glass, mounting and artwork approval pending. Unpowered.""]",,,,,,,,False,Unpriced / pending,,[]
sconce2,Shown model scope,16,"[""L82"", ""L83"", ""L84"", ""L85"", ""L86"", ""L87"", ""L88"", ""L89"", ""L90"", ""L91"", ""L92"", ""L93"", ""L94"", ""L95"", ""L96"", ""L97""]","[""560 lm · 2700 K"", ""940 lm · 2700 K""]",,,,,,,,False,Unpriced / pending,,[]
servicePanel,Shown model scope,2,"[""L1"", ""L2""]","[""3000 lm · 4000 K""]",,,,,,,,False,Unpriced / pending,,[]
slimColumn,Shown model scope,16,"[""S261"", ""S262"", ""S263"", ""S264"", ""S265"", ""S266"", ""S267"", ""S268"", ""S269"", ""S270"", ""S271"", ""S272"", ""S273"", ""S274"", ""S276"", ""S278""]","[""60 W audio rating · Passive / amplifier output · 20.6 ms delay"", ""60 W audio rating · Passive / amplifier output · 22.9 ms delay"", ""60 W audio rating · Passive / amplifier output · 24.1 ms delay"", ""60 W audio rating · Passive / amplifier output · 33.5 ms delay"", ""60 W audio rating · Passive / amplifier output · 36 ms delay"", ""60 W audio rating · Passive / amplifier output · 37.1 ms delay"", ""60 W audio rating · Passive / amplifier output · 46.3 ms delay"", ""60 W audio rating · Passive / amplifier output · 48.3 ms delay"", ""60 W audio rating · Passive / amplifier output · 59.2 ms delay"", ""60 W audio rating · Passive / amplifier output · 60.8 ms delay"", ""60 W audio rating · Passive / amplifier output · 72.2 ms delay"", ""60 W audio rating · Passive / amplifier output · 73.5 ms delay"", ""60 W audio rating · Passive / amplifier output · 85.1 ms delay"", ""60 W audio rating · Passive / amplifier output · 86.2 ms delay"", ""60 W audio rating · Passive / amplifier output · 94.9 ms delay"", ""60 W audio rating · Passive / amplifier output · 96.5 ms delay""]",amazon-jp-yamaha-vxl1b8-slim-column-speaker,Yamaha VXL1B-8 Speaker System,52250.0,1,16,836000,836000,True,Market comparison only; engineering fit pending,https://www.amazon.co.jp/dp/B07H183SWF,"[""Passive speaker comparison only; speaker power ratings are audio-system ratings, not mains input. The Amazon page does not state a maximum audio input rating or impedance to compare with the modeled 60 W column."", ""Listing gives 24 × 1.5-inch full-range units, 170° horizontal by 40° vertical coverage and a 54 mm width; the model is a 0.6 m, 4 × 2.5-inch column with a modeled 130° × 30° pattern. Exact length and acoustic match are unverified."", ""The product information marks it as not waterproof. No outdoor protection, church-specific mounting/aiming, measured STI, spares availability, or Vietnam warranty/service support is established.""]"
spot15,Shown model scope,7,"[""L100"", ""L103"", ""L106"", ""L110"", ""L114"", ""L115"", ""L117""]","[""1400 lm · 3000 K · 15° beam"", ""1900 lm · 3000 K · 15° beam"", ""220 lm · 3000 K · 12° beam"", ""300 lm · 3000 K · 10° beam"", ""700 lm · 3000 K · 24° beam""]",,,,,,,,False,Unpriced / pending,,[]
star,Hidden alternative / excluded,1,"[""D311""]","[""500 lm · 5000 K""]",,,,,,,,False,Unpriced / pending,,[]
statueJoseph,Shown model scope,1,"[""D294""]","[""""]",,,,,,,,False,Unpriced / pending,,[]
statueMary,Shown model scope,1,"[""D293""]","[""""]",,,,,,,,False,Unpriced / pending,,[]
uplight,Shown model scope,11,"[""L71"", ""L72"", ""L73"", ""L74"", ""L75"", ""L76"", ""L77"", ""L109"", ""L113"", ""L165"", ""L176""]","[""2200 lm · 2700 K · 100° beam"", ""2500 lm · 2700 K · 100° beam"", ""4000 lm · 2700 K · 100° beam""]",,,,,,,,False,Unpriced / pending,,[]
wallLantern,Shown model scope,18,"[""L137"", ""L138"", ""L139"", ""L140"", ""L141"", ""L142"", ""L143"", ""L144"", ""L145"", ""L146"", ""L147"", ""L148"", ""L149"", ""L150"", ""L151"", ""L152"", ""L153"", ""L154""]","[""400 lm · 2700 K"", ""900 lm · 2700 K""]",,,,,,,,False,Unpriced / pending,,[]
