id,discipline,owner,question_vi,evidence,blocks,answer
Q01,Điện,Điện lực / kỹ sư điện,"Điện áp, số pha, tần số và công suất cấp điện được xác nhận là gì?","Hợp đồng cấp điện, bản vẽ và phép đo tại điểm cấp","Tải tổng, phân pha, số lõi và thiết bị bảo vệ",
Q02,Điện,Kỹ sư điện / đơn vị đo kiểm,"Sơ đồ nối đất TT/TN/IT, điện trở nối đất và liên kết đẳng thế hiện có ra sao?",Sơ đồ nối đất và biên bản đo,"PE, RCD, chống điện giật và thời gian cắt",
Q03,Điện,Điện lực / kỹ sư điện,"Dòng ngắn mạch lớn nhất, nhỏ nhất và trở kháng vòng sự cố tại DB-1/DB-2 là bao nhiêu?",Tính toán nguồn và đo kiểm,"Khả năng cắt, kiểm tra nhiệt ngắn mạch và cắt tự động",
Q04,Điện,Kỹ sư điện,"Tuyến từ điểm cấp điện đến DB-1 dài bao nhiêu, dùng cáp gì và đã sụt áp bao nhiêu?",Khảo sát và sơ đồ một sợi nguồn,Sụt áp toàn hệ thống; tuyến này chưa có trong mô hình,
Q05,Điện,Kỹ sư điện / kiến trúc sư,"Mỗi đoạn đi trong ống, máng, vách, trần hay lớp cách nhiệt? Nhiệt độ cao nhất và số mạch đi chung là bao nhiêu?","Mặt cắt tuyến, khảo sát nhiệt và bố trí đi chung","Phương pháp lắp đặt, hệ số giảm tải, tiết diện",
Q06,Điện,Nhà cung cấp / kỹ sư điện,"Công suất đầu vào, dòng định mức, hệ số công suất, dòng khởi động và sóng hài của từng sản phẩm là gì?",Nhãn máy và tài liệu hãng của đúng mã sản phẩm,Thay thế các công suất danh mục giả định,
Q07,Điện,Kỹ sư điện,"Mỗi mạch có một CB chung hay tách bảo vệ cho từng nhánh? Đặc tính, dòng định mức, khả năng cắt và phối hợp chọn lọc là gì?","Sơ đồ một sợi, bảng phối hợp và đường cong bảo vệ",Bảo vệ cáp nhỏ ở nhánh và phối hợp DB-1/DB-2,
Q08,Điện,Kỹ sư điện,"Tải nào hoạt động đồng thời, tải nào liên tục, và phần dự phòng mở rộng đã thống nhất là bao nhiêu?",Danh sách tải và chế độ vận hành đã duyệt,Nhu cầu cấp điện; 25% trong báo cáo chỉ là giả định so sánh,
Q09,Điện,Kỹ sư điện / thiết kế PCCC,"Loại cách điện, chống cháy, duy trì chức năng, chống UV, nước, ăn mòn và yêu cầu chống sét cho từng tuyến là gì?",Yêu cầu PCCC và thông số cáp/ống đã chọn,"Chỉ định cáp, đi ngoài trời và hệ thống an toàn",
Q10,Điện,Kỹ sư điện / nhà thầu,"Chiều dài thi công, đoạn chờ, đầu nối, độ võng, hộp nối và vị trí xuyên tường/sàn đã khảo sát chưa?","Đo tuyến, chi tiết hộp nối và bịt kín chống cháy",Khối lượng mua thực tế; 10% + 2 m chỉ dùng hỏi giá,
Q11,Điện,Kỹ sư điện,Lõi trung tính và PE có tiết diện bao nhiêu? Dòng sóng hài và liên kết đất của kết cấu kim loại được kiểm tra thế nào?,"Tính toán N/PE, hài và liên kết đất",Số lõi và tiết diện bảo vệ,
Q12,Điện,Kỹ sư điện / điều khiển,"LC-1/FC-1 có cấp nguồn chung hay từng mạch đi qua? Có bao nhiêu kênh, công suất riêng và khả năng điều tốc/tương thích LED?",Sơ đồ đấu dây và tài liệu bộ điều khiển,Các nguồn LC-1/FC-1 hiện chỉ là kết nối chức năng,
Q13,Điều khiển,Giáo xứ / kỹ sư điều khiển,"Ai vận hành từng công tắc, chế độ nhanh, ghi đè tay, trạng thái khi mất điện và khi điện trở lại?",Ma trận điều khiển và thử nghiệm vận hành tại chỗ,"Địa chỉ kênh, nút tay và khởi động an toàn",
Q14,An toàn,Thiết kế PCCC / kỹ sư điện,"Chiếu sáng sự cố, biển thoát nạn, thời gian dự phòng và nguồn ưu tiên nào được yêu cầu?",Thiết kế PCCC và kiểm tra khi mất điện,Biển thoát nạn 3 W trong mô hình không xác nhận toàn bộ hệ thống,
Q15,Quy chuẩn,Các kỹ sư chịu trách nhiệm / cơ quan duyệt,"Phân loại công trình, số người được phép, cơ quan duyệt và các QCVN/TCVN, phiên bản, điều khoản áp dụng đã xác nhận chưa?",Danh mục cơ sở thiết kế và hồ sơ duyệt,Tiêu chí nghiệm thu và cấp phép thi công,
Q16,Kiến trúc,Khảo sát / kiến trúc sư,"Kích thước thực, cao độ sàn hai cánh/cung thánh, cột, cửa, mái và khoang kỹ thuật có trùng bản vẽ/mô hình không?","Bản vẽ khảo sát theo trục, mặt cắt và biên bản sai khác","Tọa độ thiết bị, chiều dài tuyến và va chạm",
Q17,Kiến trúc,Cha xứ / kiến trúc sư / kỹ sư,"Vị trí cuối cùng của đèn chùm lớn giữa lòng nhà thờ, đèn hai cánh và toàn bộ thiết bị đã được duyệt trên bản vẽ đo chưa?",Mặt bằng phối hợp có ID và tọa độ đã ký,Ý kiến về hình thức chưa xác nhận vị trí thi công,
Q18,Kiến trúc,Cha xứ / kiến trúc sư,"Thiết bị nào được phép nhìn thấy và từ những vị trí ngồi, đứng, xe lăn, ca đoàn, cung thánh, cửa và bên ngoài nào?",Danh sách điểm nhìn và mẫu che giấu kích thước thật,Quạt/loa còn lộ; yêu cầu che giấu chưa đạt,
Q19,Kiến trúc,Kiến trúc sư / thiết kế tiếp cận và PCCC,"Sức chứa, lối thoát, lối rước, chỗ xe lăn, khoảng cách ghế/quỳ, cửa mở và đường phục vụ được bố trí thế nào?",Mặt bằng sử dụng/thoát nạn/tiếp cận đã duyệt,368 điểm tính không phải sức chứa được phép,
Q20,Kết cấu,Kỹ sư kết cấu,"Tải treo, rung, gió và liên kết của đèn, loa, quạt, ống/máng vào gỗ/bê tông chịu lực được kiểm tra thế nào?","Tính tải, bản vẽ liên kết và thông số neo",Các khoảng hở trong mô hình không chứng minh sức chịu tải,
Q21,Bảo trì,Kiến trúc sư / nhà thầu / giáo xứ,"Làm sao cô lập điện, tiếp cận, tháo thay đèn/loa/quạt/driver và mở đường dây trên cao mà không hư trang trí?","Phương án tiếp cận, tháo lắp và mặt cắt khoang bảo trì","Chiều cao, giàn giáo, khe dịch vụ và chi phí bảo trì",
Q22,Chiếu sáng,Nhà cung cấp / kỹ sư chiếu sáng,"Đèn thực có IES/LDT, quang thông duy trì, driver, CCT/CRI, dimming và IP nào?",Tài liệu hãng và mẫu đúng mã,"Độ rọi theo ghế, sụt quang thông, điện và mua hàng",
Q23,Chiếu sáng,Kỹ sư chiếu sáng / cha xứ,"Đèn chùm nhỏ hai cánh có quang học đọc sách riêng được chấp nhận không, và thực tế đạt độ rọi tối thiểu với dự phòng suy giảm không?","Mẫu thật, IES/LDT và phép đo ghế xấu nhất",Hai đèn mỗi cánh vẫn có36/80 điểm đọc dưới200 lux; IES/LDT và giải pháp chiếu sáng bổ sung che giấu chưa xác nhận,
Q24,Chiếu sáng,Kỹ sư chiếu sáng / cơ khí,"Chói từ dưới đèn, phản xạ sơn đỏ/mạ vàng, nhiệt driver và nhấp nháy do cánh quạt được kiểm tra thế nào?",Thử mẫu ban ngày/tối và đo ở nhiều tầm mắt,Báo cáo lux không đánh giá đủ chói và tương tác cánh,
Q25,Chiếu sáng,Kiến trúc sư / kỹ sư chiếu sáng,"Vật liệu thực và ánh sáng ban ngày có tái hiện màu đỏ sáng đã chọn, đồng thời tránh ánh sáng hắt ra khu dân cư không?","Mẫu vật liệu, mô phỏng ban ngày và đo ngoài ranh giới",Màu màn hình không xác nhận vật liệu/độ rọi/ánh sáng tràn,
Q26,Âm thanh,Kỹ sư âm thanh / nhà cung cấp,"Loa dùng 100 V, 70 V hay trở kháng thấp; tap công suất, trở kháng, số kênh và ampli cụ thể là gì?",Sơ đồ loa/ampli và tài liệu hãng,"Cáp loa, tổn hao, dòng tín hiệu và phụ tải AV-1",
Q27,Âm thanh,Kỹ sư âm thanh,"Mixer, DSP, ampli, bộ thu micro và thiết bị hỗ trợ nghe dùng bao nhiêu điện đầu vào/standby, cấp nguồn và bảo vệ ra sao?",Danh sách rack và nhãn đầu vào điện,Nguồn AV-1 và tải tổng hiện chưa thể chốt,
Q28,Âm thanh,Kỹ sư âm thanh / giáo xứ,"Hai loa tổng cộng (mỗi cánh một loa) hướng về cửa vào, micro, mức nói, delay/gain có đạt STIPA/SPL/dự trữ trước hú khi quạt chạy và có đông người chưa?","Đo STIPA, SPL, thời gian vang và dự trữ trước hú",STI hai cánh và dự trữ micro ambo/bàn thờ còn thấp,
Q29,Âm thanh,Kỹ sư âm thanh / kiến trúc sư,"Che loa, vật liệu hút âm, cáp micro có shield và tách tuyến điện lực được bố trí thế nào?","Chi tiết lớp che, đáp tuyến, cáp/đầu nối và mẫu thử",Che giấu có thể cản phủ âm; tuyến tín hiệu chưa được chỉ định,
Q30,Thông gió,Nhà cung cấp / kỹ sư cơ khí,"Quạt thực có đường đặc tính áp suất-lưu lượng, điện đầu vào, tiếng ồn, tốc độ, chiều quay và điều tốc nào?",Tài liệu hãng theo từng cấp tốc và điểm làm việc,Quạt catalog/Amazon chưa được thay vào tính toán,
Q31,Thông gió,Kỹ sư cơ khí / âm thanh / giáo xứ,Giải pháp quạt tường nào đạt cả gió tại ghế và tiếng ồn/độ rõ lời mà không đặt quạt giữa trục chính?,"So sánh quạt êm hơn, bố trí và thử kích thước thật",Các phương án hai quạt còn thiếu gió và tăng ồn; phương án gần đầu cánh bị loại do va cửa/tường,
Q32,Thông gió,Kỹ sư cơ khí / kiến trúc sư,"Diện tích cửa gió bù, lưới/louver, đường xả, tổn thất áp và dòng ngắn mạch khi mở/đóng cửa là bao nhiêu?",Khảo sát lỗ mở và tính mạng áp suất-lưu lượng,ACH từ lưu lượng tự do không xác nhận thông gió thực,
Q33,Thông gió,Giáo xứ / kỹ sư cơ khí,"Số người, lịch sử nhiệt/ẩm và cách vận hành lúc nóng lặng gió, mưa ẩm, lạnh hoặc mất điện là gì?",Đo theo mùa và hướng dẫn ứng phó nóng cực đoan,Tiện nghi và nhu cầu không khí ngoài trời,
Q34,Thông gió,Kết cấu / cơ khí / kiến trúc sư,"Vùng quét lồng/cánh, cửa, tranh Thánh, loa, tia sáng, đường đi và vệ sinh quạt đã kiểm tra chưa? Giá vươn0.40 m có đủ sức chịu rung/tải và khoảng hở thực không?","Kích thước sản phẩm, bao chuyển động liên tục và thử mẫu",17 góc mẫu không chứng minh toàn bộ bao chuyển động,
Q35,Mua hàng,Kỹ sư / nhà cung cấp,"Sản phẩm Amazon Nhật có điện áp/tần số phù hợp với nguồn Việt Nam, bảo hành và phụ tùng địa phương không?","Nhãn sản phẩm, xác nhận hãng và điều kiện bảo hành",Giá Nhật chỉ là so sánh; sản phẩm 100 V chưa xác nhận sử dụng được,
Q36,Dự toán,Giáo xứ / nhà thầu / đơn vị nhập khẩu,"Ngân sách trần, vận chuyển Nhật-Việt, thuế, thủ tục nhập khẩu và tỷ giá tại ngày đặt hàng là gì?",Báo giá giao hàng và thuế/chi phí thực,Chưa có tổng chi phí về đến công trường,
Q37,Dự toán,Nhà thầu / kỹ sư,"Nhân công, giàn giáo, neo, hộp nối, đầu cốt, ống/máng, bịt xuyên, thử nghiệm và huấn luyện có đơn giá/khối lượng nào?",BOQ phối hợp và báo giá nhà thầu Việt Nam,Không thể coi tổng giá thiết bị Amazon là ngân sách thi công đầy đủ,
Q38,Vòng đời,Giáo xứ / kỹ sư / nhà cung cấp,"Tuổi thọ thiết kế, chu kỳ bảo trì/thay thế, phụ tùng dự phòng và người chịu trách nhiệm đã thống nhất chưa?",Kế hoạch bảo trì và tài liệu hãng,Dự toán vòng đời và khả năng sửa chữa,
Q39,Nghiệm thu,Các kỹ sư chịu trách nhiệm,"Ai kiểm tra và ký hồ sơ, thử nghiệm điện, lux, STIPA, gió/ồn, chế độ khẩn cấp và bàn giao bản hoàn công?","Kế hoạch nghiệm thu, biên bản và trách nhiệm ký",Mọi tài liệu hiện là phát triển thiết kế,
Q40,Phạm vi,Giáo xứ / kỹ sư,"Có ổ cắm, bơm, phòng phụ trợ, chuông, camera, báo cháy hoặc tải khác ngoài mô hình cần thêm vào không?",Danh mục toàn bộ tải hiện có và dự kiến,Tổng tải mô hình không bao quát toàn bộ nhà thờ,
Q41,Mỹ thuật / kiến trúc / kết cấu,Cha xứ / kiến trúc sư / kỹ sư / đơn vị tranh,"Cặp tranh Thánh Phêrô và Phaolô giữa hai cửa sổ mỗi cánh có kích thước, cao độ, khung/kính, vật liệu chịu ẩm, mẫu nghệ thuật, liên kết và cách bảo trì được duyệt nào?","Mẫu tranh và khảo sát tường/cửa, bản vẽ có ID và kích thước đã ký, kiểm tra chói và neo",Khung1.12×1.62 m và tâmY2.20 chỉ là bao ý tưởng; chưa phải kích thước hay liên kết thi công,
